,type,start_idx,finish_idx,start_time,finish_time,length_time,length_distance,avg_speed,avg_hr
0,CheckCD,0,35,0.0,1.4,1.4,0.0,0.0,110.69142857142856
1,Nothing,35,41,1.4,1.64,0.24,0.0,0.0,109.5
2,MapRead,41,144,1.64,5.76,4.12,1.3064,0.20610330097087382,109.01747572815533
3,Nothing,144,235,5.76,9.4,3.6400000000000006,40.7676,0.938217142857143,109.0
4,MapRead,235,332,9.4,13.28,3.879999999999999,12.998400000000004,2.3238956701030924,112.01567010309279
5,Nothing,332,341,13.28,13.64,0.3600000000000012,1.4687999999999946,2.62148,120.32000000000001
6,CheckCD,341,372,13.64,14.88,1.2400000000000002,5.235199999999999,2.802948387096773,122.72
7,Nothing,372,414,14.88,16.56,1.679999999999998,5.844400000000007,2.921027619047619,127.1
8,CheckCD,414,434,16.56,17.36,0.8000000000000007,3.289599999999993,2.967156,130.82
9,Nothing,434,625,17.36,25.0,7.640000000000001,23.399600000000007,3.0950351832460723,146.4276439790576
10,MapRead,625,681,25.0,27.24,2.2399999999999984,5.3847999999999985,3.0723285714285713,156.6357142857143
11,Nothing,681,695,27.24,27.8,0.5600000000000023,1.5511999999999944,2.980999999999999,158.5
12,MapRead,695,811,27.8,32.44,4.639999999999997,11.031200000000013,2.832351724137931,162.16206896551728
13,Nothing,811,838,32.44,33.52,1.0800000000000054,2.980399999999989,2.8179555555555558,166.6888888888889
14,MapRead,838,871,33.52,34.84,1.3200000000000003,3.8495999999999952,2.883363636363636,167.25454545454548
15,Nothing,871,1365,34.84,54.6,19.759999999999998,55.61280000000001,2.7318663967611334,173.97327935222674
16,MapRead,1365,1429,54.6,57.16,2.559999999999995,4.321600000000018,2.431731875,180.215625
17,Nothing,1429,1489,57.16,59.56,2.4000000000000057,4.073599999999971,2.4047746666666674,181.06066666666666
18,CheckCD,1489,1523,59.56,60.92,1.3599999999999994,2.0504000000000246,2.33386,181.92235294117648
19,Nothing,1523,1621,60.92,64.84,3.9200000000000017,8.5916,2.229518775510204,183.52448979591836
20,MapRead,1621,1672,64.84,66.88,2.039999999999992,6.145600000000002,2.168070588235294,184.50666666666666
21,Nothing,1672,1692,66.88,67.68,0.8000000000000114,2.0548,2.1318159999999997,185.26
22,CheckCD,1692,1718,67.68,68.72,1.039999999999992,2.4783999999999935,2.0389292307692304,186.18
23,Nothing,1718,1863,68.72,74.52,5.799999999999997,10.247199999999992,1.8730449655172414,187.35862068965517
24,MapRead,1863,1875,74.52,75.0,0.480000000000004,0.7967999999999904,1.782,187.74
25,Nothing,1875,1899,75.0,75.96,0.9599999999999937,1.1520000000000152,1.7907400000000002,188.46
26,MapRead,1899,1925,75.96,77.0,1.0400000000000063,1.367999999999995,1.8138938461538459,188.99846153846153
27,Nothing,1925,2206,77.0,88.24,11.239999999999995,20.275200000000012,1.7363786476868328,190.8555160142349
28,MapRead,2206,2236,88.24,89.44,1.2000000000000028,2.5219999999999914,1.68672,192.32666666666663
29,Nothing,2236,2360,89.44,94.4,4.960000000000008,12.038800000000009,1.7105016129032256,192.56290322580645
30,MapRead,2360,2454,94.4,98.16,3.759999999999991,11.26479999999998,1.8188187234042554,193.70212765957447
31,Nothing,2454,2606,98.16,104.24,6.079999999999998,17.490800000000036,2.13997,193.21973684210528
32,MapRead,2606,2613,104.24,104.52,0.28000000000000114,0.7951999999999657,2.31516,192.64000000000001
33,Nothing,2613,2835,104.52,113.4,8.88000000000001,30.281200000000013,2.5163562162162165,191.14018018018018
34,MapRead,2835,2884,113.4,115.36,1.9599999999999937,6.58359999999999,2.8530726530612247,190.0
35,Nothing,2884,2942,115.36,117.68,2.3200000000000074,7.792400000000043,2.9060620689655168,189.0
36,MapRead,2942,2961,117.68,118.44,0.7599999999999909,2.1427999999999656,2.929317894736842,188.11578947368423
37,Nothing,2961,3043,118.44,121.72,3.280000000000001,8.971600000000024,2.940747317073171,188.58292682926827
38,MapRead,3043,3062,121.72,122.48,0.7600000000000051,2.1007999999999925,2.96588,188.0
39,Nothing,3062,3304,122.48,132.16,9.679999999999993,32.1336,2.96817652892562,186.73140495867767
40,CheckWatch,3304,3346,132.16,133.84,1.6800000000000068,6.52679999999998,3.23864,185.59999999999997
41,Nothing,3346,3495,133.84,139.8,5.960000000000008,21.774400000000014,3.396620134228188,184.89127516778527
42,MapRead,3495,3527,139.8,141.08,1.2800000000000011,5.186800000000005,3.4469725,185.0
43,Nothing,3527,3550,141.08,142.0,0.9199999999999875,3.689199999999971,3.4665600000000008,185.0
44,MapRead,3550,3551,142.0,142.04,0.03999999999999204,0.1524000000000001,3.48,185.0
45,Nothing,3551,3568,142.04,142.72,0.6800000000000068,2.5908000000000015,3.4936800000000003,184.64000000000004
46,CheckCD,3568,3585,142.72,143.4,0.6800000000000068,2.6467999999999847,3.5164494117647056,184.1717647058824
47,MapRead,3585,3597,143.4,143.88,0.47999999999998977,1.896000000000015,3.5235799999999995,184.62
48,Nothing,3597,3615,143.88,144.6,0.7199999999999989,2.8559999999999945,3.5313133333333333,184.98666666666668
49,MapRead,3615,3622,144.6,144.88,0.28000000000000114,1.11160000000001,3.5406800000000005,185.0
50,Nothing,3622,3676,144.88,147.04,2.1599999999999966,8.317999999999984,3.589600740740742,184.75925925925932
51,MapRead,3676,3705,147.04,148.2,1.1599999999999966,4.096400000000017,3.6554137931034485,184.54482758620694
52,CheckWatch,3705,3733,148.2,149.32,1.1200000000000045,3.623999999999967,3.6670000000000003,183.02
53,MapRead,3733,3793,149.32,151.72,2.4000000000000057,4.601600000000019,3.486176,184.194
54,Nothing,3793,3892,151.72,155.68,3.960000000000008,12.7072,2.9070448484848486,184.78343434343435
55,MapRead,3892,3946,155.68,157.84,2.1599999999999966,8.258800000000008,3.5047999999999995,185.18222222222218
56,Nothing,3946,3977,157.84,159.08,1.240000000000009,4.884799999999984,3.6496103225806444,186.88903225806456
57,MapRead,3977,3987,159.08,159.48,0.39999999999997726,1.872000000000014,3.69328,187.73999999999995
58,Nothing,3987,4010,159.48,160.4,0.9200000000000159,3.9336000000000126,3.7095686956521736,187.15826086956523
59,MapRead,4010,4068,160.4,162.72,2.319999999999993,8.719600000000014,3.708827586206897,187.51724137931035
60,Nothing,4068,4102,162.72,164.08,1.3600000000000136,5.094799999999964,3.67721294117647,188.0
61,MapRead,4102,4134,164.08,165.36,1.2800000000000011,4.573599999999999,3.62615,188.09
62,Nothing,4134,4205,165.36,168.2,2.839999999999975,9.906000000000006,3.617013521126761,189.25521126760563
63,MapRead,4205,4244,168.2,169.76,1.5600000000000023,6.230000000000018,3.6217538461538457,189.0
64,Nothing,4244,4331,169.76,173.24,3.480000000000018,11.288800000000037,3.6248988505747133,189.49425287356323
65,MapRead,4331,4346,173.24,173.84,0.5999999999999943,2.381999999999948,3.615320000000001,190.0
66,Nothing,4346,4452,173.84,178.08,4.240000000000009,12.79480000000001,3.5894894339622643,190.83962264150944
67,MapRead,4452,4473,178.08,178.92,0.839999999999975,2.620800000000031,3.55536,191.0
68,Nothing,4473,4511,178.92,180.44,1.5200000000000102,4.976799999999912,3.539483157894736,191.05789473684206
69,MapRead,4511,4512,180.44,180.48,0.03999999999999204,0.10519999999996799,3.5320400000000003,191.44
70,Nothing,4512,4513,180.48,180.52,0.040000000000020464,0.10520000000008167,3.53168,191.48
71,MapRead,4513,4563,180.52,182.52,2.0,6.2251999999999725,3.5213144,191.8752
72,Nothing,4563,4601,182.52,184.04,1.5199999999999818,4.793199999999956,3.4857989473684214,191.42421052631582
73,MapRead,4601,4628,184.04,185.12,1.0800000000000125,3.3840000000001282,3.460404444444444,191.4488888888889
74,Nothing,4628,4831,185.12,193.24,8.120000000000005,29.135999999999967,3.41479842364532,192.1619704433498
75,MapRead,4831,4891,193.24,195.64,2.3999999999999773,7.364799999999946,3.406,193.0
76,Nothing,4891,4903,195.64,196.12,0.4800000000000182,1.431600000000003,3.406,193.0
77,MapRead,4903,4914,196.12,196.56,0.4399999999999977,1.328800000000001,3.406,193.0
78,Nothing,4914,4918,196.56,196.72,0.1599999999999966,0.48320000000001073,3.406,193.0
79,MapRead,4918,5022,196.72,200.88,4.159999999999997,12.09559999999999,3.4051115384615382,193.5696153846154
80,Nothing,5022,5242,200.88,209.68,8.800000000000011,26.66280000000006,3.368790909090909,194.21963636363637
81,MapRead,5242,5257,209.68,210.28,0.5999999999999943,1.5672000000000708,3.3404560000000005,194.152
82,Nothing,5257,5518,210.28,220.72,10.439999999999998,30.199999999999818,3.223931800766283,194.8737164750958
83,MapRead,5518,5550,220.72,222.0,1.2800000000000011,4.000000000000114,3.0519800000000004,195.785
84,Nothing,5550,5818,222.0,232.72,10.719999999999999,33.47000000000003,3.037847611940298,196.44447761194027
85,CheckCD,5818,5819,232.72,232.76,0.03999999999999204,0.12999999999999545,3.02696,196.72
86,Nothing,5819,5954,232.76,238.16,5.400000000000006,17.541200000000003,3.0919991111111114,196.87525925925928
87,MapRead,5954,6038,238.16,241.52,3.3600000000000136,11.345199999999863,3.172000000000001,196.29761904761904
88,Nothing,6038,6169,241.52,246.76,5.239999999999981,15.479600000000005,3.177725190839694,196.1908396946565
89,CheckCD,6169,6177,246.76,247.08,0.3200000000000216,0.9968000000000075,3.172,196.0
90,Nothing,6177,6350,247.08,254.0,6.9199999999999875,17.917200000000093,3.1383005780346824,195.1387283236994
91,MapRead,6350,6402,254.0,256.08,2.079999999999984,6.815200000000004,3.0177115384615387,194.0
92,Nothing,6402,6505,256.08,260.2,4.1200000000000045,15.702799999999911,3.000963106796117,193.59223300970874
93,MapRead,6505,6669,260.2,266.76,6.560000000000002,27.51240000000007,3.2334382926829264,193.1107317073171
94,Nothing,6669,6730,266.76,269.2,2.4399999999999977,10.653599999999983,3.658660983606558,191.05311475409837
95,MapRead,6730,6745,269.2,269.8,0.6000000000000227,2.6520000000000437,3.75888,190.47999999999993
96,Nothing,6745,6759,269.8,270.36,0.5600000000000023,2.439200000000028,3.7875542857142865,190.85428571428565
97,MapRead,6759,6770,270.36,270.8,0.4399999999999977,1.9007999999998901,3.7986399999999994,190.44000000000003
98,Nothing,6770,6916,270.8,276.64,5.839999999999975,25.734800000000064,3.952246575342466,189.83287671232875
99,MapRead,6916,6971,276.64,278.84,2.1999999999999886,9.803999999999974,4.12156,190.0
100,Nothing,6971,7440,278.84,297.6,18.760000000000048,80.86519999999996,4.142673347547975,188.9300639658849
101,MapRead,7440,7492,297.6,299.68,2.079999999999984,6.851600000000076,3.9660076923076923,187.95769230769233
102,Nothing,7492,7577,299.68,303.08,3.3999999999999773,11.914399999999887,3.848440941176472,188.12941176470585
103,MapRead,7577,7613,303.08,304.52,1.4399999999999977,4.83280000000002,3.8049399999999998,186.91333333333338
104,CheckCD,7613,7627,304.52,305.08,0.5600000000000023,1.8175999999999704,3.7831800000000007,186.22285714285712
105,Nothing,7627,7640,305.08,305.6,0.5200000000000387,1.8616000000000668,3.77292,186.0
106,MapRead,7640,7666,305.6,306.64,1.0399999999999636,3.902400000000057,3.7582846153846154,186.0
107,Nothing,7666,7698,306.64,307.92,1.2800000000000296,5.069599999999923,3.73700375,186.31625
108,MapRead,7698,7737,307.92,309.48,1.5600000000000023,6.138000000000034,3.718129230769231,186.99692307692308
109,Nothing,7737,8217,309.48,328.68,19.19999999999999,66.84520000000009,3.7307185,188.278
110,MapRead,8217,8237,328.68,329.48,0.8000000000000114,3.116800000000012,3.5056719999999997,189.928
111,Nothing,8237,8344,329.48,333.76,4.279999999999973,13.751599999999826,3.4208500934579438,190.52336448598132
112,MapRead,8344,8366,333.76,334.64,0.8799999999999955,3.0736000000001695,3.340725454545455,191.0
113,Nothing,8366,8424,334.64,336.96,2.319999999999993,8.042799999999943,3.27136,191.4303448275862
114,MapRead,8424,8444,336.96,337.76,0.8000000000000114,2.589200000000119,3.2035579999999997,191.002
115,Nothing,8444,8470,337.76,338.8,1.0400000000000205,2.948799999999892,3.1860599999999994,191.0
116,MapRead,8470,8553,338.8,342.12,3.319999999999993,9.287599999999884,3.1410727710843367,191.78313253012047
117,Nothing,8553,8586,342.12,343.44,1.3199999999999932,3.8940000000000055,3.0875866666666667,191.93333333333334
118,MapRead,8586,8622,343.44,344.88,1.4399999999999977,3.9384000000000015,3.086186666666667,191.37333333333333
119,Nothing,8622,8686,344.88,347.44,2.5600000000000023,7.90319999999997,3.1453606250000004,192.32125000000002
120,MapRead,8686,8717,347.44,348.68,1.240000000000009,4.031600000000026,3.1900051612903217,192.31096774193549
121,Nothing,8717,8977,348.68,359.08,10.399999999999977,30.57360000000017,3.253604,193.24046153846155
122,CheckCD,8977,8986,359.08,359.44,0.36000000000001364,0.8748000000000502,3.275,193.75999999999996
123,Nothing,8986,9081,359.44,363.24,3.8000000000000114,10.611199999999826,3.2283221052631594,194.21263157894734
124,MapRead,9081,9101,363.24,364.04,0.8000000000000114,2.5588000000000193,3.1664199999999996,195.0
125,Nothing,9101,9212,364.04,368.48,4.439999999999998,11.597600000000057,3.1058774774774767,195.44144144144144
126,MapRead,9212,9271,368.48,370.84,2.359999999999957,6.776800000000094,2.9632711864406778,196.0
127,Nothing,9271,9278,370.84,371.12,0.28000000000002956,0.8535999999999149,2.9380114285714285,195.98285714285717
128,MapRead,9278,9357,371.12,374.28,3.159999999999968,4.847999999999956,2.715746329113925,195.3686075949367
129,Nothing,9357,9536,374.28,381.44,7.160000000000025,18.715599999999995,2.60079530726257,196.27932960893855
130,MapRead,9536,9648,381.44,385.92,4.480000000000018,11.425200000000132,2.6954846428571426,195.6864285714286
131,Nothing,9648,9724,385.92,388.96,3.0399999999999636,8.474799999999732,2.7107226315789466,195.8042105263158
132,MapRead,9724,9744,388.96,389.76,0.8000000000000114,2.1460000000001855,2.7060000000000004,196.0
133,Nothing,9744,9917,389.76,396.68,6.920000000000016,16.37279999999987,2.6236534104046245,197.20231213872833
134,MapRead,9917,9948,396.68,397.92,1.240000000000009,2.755600000000186,2.52027741935484,197.67354838709676
135,Nothing,9948,9959,397.92,398.36,0.4399999999999977,1.0091999999999643,2.5013054545454545,197.14181818181817
136,MapRead,9959,10027,398.36,401.08,2.7199999999999704,6.581599999999753,2.5061505882352937,196.9794117647059
137,Nothing,10027,10467,401.08,418.68,17.600000000000023,41.884000000000015,2.3973381818181823,197.8612727272727
138,MapRead,10467,10475,418.68,419.0,0.3199999999999932,0.8800000000001091,2.31562,198.0
139,Nothing,10475,10493,419.0,419.72,0.7200000000000273,2.1312000000000353,2.314,198.0
140,MapRead,10493,10590,419.72,423.6,3.8799999999999955,10.500800000000027,2.3239278350515464,198.2577319587629
141,Nothing,10590,10728,423.6,429.12,5.519999999999982,12.052399999999807,2.3388695652173914,198.0008695652174
142,MapRead,10728,10747,429.12,429.88,0.7599999999999909,2.3712000000002718,2.342,198.48000000000005
143,Nothing,10747,10766,429.88,430.64,0.7599999999999909,1.8719999999998436,2.342,198.73473684210526
144,MapRead,10766,10834,430.64,433.36,2.7200000000000273,7.513599999999997,2.3480882352941173,198.72411764705885
145,Nothing,10834,10871,433.36,434.84,1.4799999999999613,3.682399999999916,2.351,199.62594594594592
146,MapRead,10871,10927,434.84,437.08,2.240000000000009,4.953200000000152,2.3535,198.31071428571428
147,Nothing,10927,11054,437.08,442.16,5.080000000000041,13.470000000000027,2.369859527559056,197.80503937007876
148,CheckCD,11054,11061,442.16,442.44,0.2799999999999727,0.7644000000000233,2.39152,198.28
149,Nothing,11061,11083,442.44,443.32,0.8799999999999955,2.5720000000001164,2.39674,198.8090909090909
150,CheckCD,11083,11084,443.32,443.36,0.040000000000020464,0.13040000000000873,2.40088,199.0
151,Nothing,11084,11241,443.36,449.64,6.279999999999973,18.189599999999928,2.435409171974522,197.58980891719744
152,MapRead,11241,11287,449.64,451.48,1.8400000000000318,5.097999999999956,2.4865260869565224,198.74956521739134
153,Nothing,11287,11452,451.48,458.08,6.599999999999966,20.135999999999967,2.537971878787878,197.59951515151516
154,MapRead,11452,11486,458.08,459.44,1.3600000000000136,4.5335999999999785,2.5890600000000004,197.9352941176471
155,Nothing,11486,11564,459.44,462.56,3.1200000000000045,10.438799999999901,2.6573338461538465,197.10051282051282
156,MapRead,11564,11584,462.56,463.36,0.8000000000000114,2.8379999999999654,2.756336,197.868
157,Nothing,11584,11603,463.36,464.12,0.7599999999999909,2.592800000000125,2.859806315789474,198.0
158,MapRead,11603,11630,464.12,465.2,1.079999999999984,3.6916000000001077,2.9492414814814816,197.9851851851852
159,Nothing,11630,11640,465.2,465.6,0.4000000000000341,1.3639999999998054,3.00108,197.62000000000003
160,MapRead,11640,11825,465.6,473.0,7.399999999999977,20.913999999999987,3.0908529729729732,197.48216216216215
161,Nothing,11825,11871,473.0,474.84,1.839999999999975,5.198000000000093,3.034082608695652,198.35217391304346
162,MapRead,11871,11895,474.84,475.8,0.9600000000000364,2.1920000000000073,2.9905499999999994,197.03333333333333
163,Nothing,11895,11901,475.8,476.04,0.2400000000000091,0.5376000000001113,2.9465000000000003,197.0
164,MapRead,11901,11922,476.04,476.88,0.839999999999975,2.259599999999864,2.9310799999999997,197.0
165,Nothing,11922,12069,476.88,482.76,5.8799999999999955,15.070400000000063,2.8782813605442175,197.38666666666666
166,MapRead,12069,12133,482.76,485.32,2.5600000000000023,6.488399999999956,2.7919768749999996,197.969375
167,Nothing,12133,12201,485.32,488.04,2.7200000000000273,7.388000000000147,2.721359411764706,197.64882352941174
168,MapRead,12201,12213,488.04,488.52,0.47999999999996135,1.3679999999999382,2.687,198.0
169,Nothing,12213,12244,488.52,489.76,1.240000000000009,3.693599999999833,2.6850141935483873,198.22064516129035
170,MapRead,12244,12352,489.76,494.08,4.319999999999993,11.689200000000028,2.651995925925925,198.5292592592593
171,Nothing,12352,12416,494.08,496.64,2.5600000000000023,7.303200000000061,2.6604249999999996,198.925
172,MapRead,12416,12449,496.64,497.96,1.3199999999999932,3.391200000000026,2.6799745454545456,198.05454545454546
173,Nothing,12449,12583,497.96,503.32,5.360000000000014,11.651599999999917,2.700185970149253,197.99164179104477
174,MapRead,12583,12609,503.32,504.36,1.0400000000000205,0.8867999999999938,2.6151076923076926,197.2907692307692
175,Nothing,12609,12702,504.36,508.08,3.7199999999999704,8.554800000000114,2.0101268817204296,197.5221505376344
176,CheckCD,12702,12739,508.08,509.56,1.4800000000000182,4.389199999999846,2.5576345945945946,197.0
177,Nothing,12739,12754,509.56,510.16,0.6000000000000227,1.7960000000000491,2.6799199999999996,197.0
178,MapRead,12754,12765,510.16,510.6,0.4399999999999977,1.478399999999965,2.70924,197.0
179,Nothing,12765,12793,510.6,511.72,1.1200000000000045,3.1440000000000055,2.716478571428572,197.0
180,MapRead,12793,12815,511.72,512.6,0.8799999999999955,2.4880000000000564,2.7244909090909095,197.19090909090912
181,CheckCD,12815,12835,512.6,513.4,0.7999999999999545,2.3600000000001273,2.72662,197.79999999999998
182,Nothing,12835,12864,513.4,514.56,1.1599999999999682,3.599999999999909,2.7505641379310353,197.1655172413793
183,MapRead,12864,12926,514.56,517.04,2.480000000000018,7.529999999999973,2.8577458064516135,197.40322580645164
184,Nothing,12926,13255,517.04,530.2,13.160000000000082,47.812000000000126,3.0107981762917935,197.07598784194528
185,MapRead,13255,13280,530.2,531.2,1.0,3.543999999999869,3.1850640000000006,197.0
186,Nothing,13280,13329,531.2,533.16,1.9599999999999227,7.529999999999973,3.223524081632653,196.6734693877551
187,MapRead,13329,13371,533.16,534.84,1.6800000000000637,8.702400000000125,3.2834600000000003,195.8
188,Nothing,13371,13443,534.84,537.72,2.8799999999999955,7.084799999999859,3.3474505555555556,195.3527777777778
189,MapRead,13443,13483,537.72,539.32,1.6000000000000227,5.6840000000001965,3.423968,195.028
190,Nothing,13483,13514,539.32,540.56,1.2399999999998954,4.509999999999991,3.467703225806452,195.8025806451613
191,MapRead,13514,13560,540.56,542.4,1.8400000000000318,6.264799999999923,3.4935660869565224,195.56086956521742
192,Nothing,13560,13681,542.4,547.24,4.840000000000032,15.91119999999978,3.5057834710743805,195.3933884297521
193,MapRead,13681,13781,547.24,551.24,4.0,10.314800000000105,3.411598,194.332
194,Nothing,13781,14015,551.24,560.6,9.360000000000014,24.718000000000075,2.891717094017094,195.3239316239316
195,MapRead,14015,14032,560.6,561.28,0.67999999999995,2.26279999999997,2.898821176470588,196.64235294117648
196,Nothing,14032,14052,561.28,562.08,0.8000000000000682,2.6376000000000204,2.9079780000000004,195.68599999999998
197,MapRead,14052,14106,562.08,564.24,2.159999999999968,7.302800000000161,2.945608888888889,196.11777777777772
198,Nothing,14106,14178,564.24,567.12,2.8799999999999955,7.963999999999942,2.9858233333333337,197.00833333333333
199,MapRead,14178,14249,567.12,569.96,2.840000000000032,8.91639999999984,3.088474929577464,196.29690140845076
200,Nothing,14249,14339,569.96,573.56,3.599999999999909,12.231600000000071,3.2514111111111106,195.54755555555553
201,MapRead,14339,14368,573.56,574.72,1.1600000000000819,4.045599999999922,3.256,193.8799999999999
202,Nothing,14368,14553,574.72,582.12,7.399999999999977,24.77240000000006,3.331792648648649,193.97772972972976
203,MapRead,14553,14563,582.12,582.52,0.39999999999997726,1.22400000000016,3.3226,194.4
204,Nothing,14563,14675,582.52,587.0,4.480000000000018,14.998799999999846,3.2987978571428562,193.8325
205,MapRead,14675,14697,587.0,587.88,0.8799999999999955,3.264799999999923,3.2939999999999996,194.0
206,Nothing,14697,14780,587.88,591.2,3.32000000000005,13.003200000000106,3.303156626506024,193.79518072289156
207,MapRead,14780,14842,591.2,593.68,2.4799999999999045,10.68119999999999,3.338655483870968,193.38
208,Nothing,14842,14960,593.68,598.4,4.720000000000027,20.63480000000004,3.5415488135593214,193.05288135593221
209,MapRead,14960,14970,598.4,598.8,0.39999999999997726,1.6639999999999873,3.74894,192.58
210,Nothing,14970,15001,598.8,600.04,1.240000000000009,5.07120000000009,3.8214258064516127,192.9806451612903
211,CheckWatch,15001,15016,600.04,600.64,0.6000000000000227,2.2380000000000564,3.8870399999999994,193.0
212,Nothing,15016,15025,600.64,601.0,0.36000000000001364,1.3427999999998974,3.9095999999999997,193.0
213,MapRead,15025,15031,601.0,601.24,0.2400000000000091,0.9192000000000462,3.9208999999999996,192.9
214,Nothing,15031,15098,601.24,603.92,2.67999999999995,10.601599999999962,3.9504716417910455,192.6358208955224
215,CheckWatch,15098,15099,603.92,603.96,0.04000000000007731,0.1595999999999549,3.966,193.0
216,Nothing,15099,15196,603.96,607.84,3.8799999999999955,15.88519999999994,3.9624041237113397,193.17113402061858
217,MapRead,15196,15203,607.84,608.12,0.2799999999999727,1.0235999999999876,3.9829714285714286,192.0742857142857
218,Nothing,15203,15334,608.12,613.36,5.240000000000009,12.596399999999903,3.694961832061068,192.57160305343513
219,MapRead,15334,15355,613.36,614.2,0.8400000000000318,2.536400000000185,2.728371428571429,192.0
220,Nothing,15355,15630,614.2,625.2,11.0,34.88999999999987,3.159808,191.90763636363636
221,MapRead,15630,15685,625.2,627.4,2.199999999999932,7.58400000000006,3.253927272727274,191.88727272727277
222,Nothing,15685,15950,627.4,638.0,10.600000000000023,32.59400000000005,3.2378905660377355,192.1154716981132
223,MapRead,15950,16004,638.0,640.16,2.159999999999968,7.0552000000000135,3.199999999999999,192.95333333333332
224,Nothing,16004,16014,640.16,640.56,0.39999999999997726,1.288000000000011,3.2,192.68
225,MapRead,16014,16026,640.56,641.04,0.4800000000000182,1.5727999999999156,3.2000000000000006,193.55999999999997
226,Nothing,16026,16035,641.04,641.4,0.36000000000001364,1.4039999999999964,3.2,193.79999999999998
227,MapRead,16035,16044,641.4,641.76,0.36000000000001364,1.4039999999999964,3.2,193.43999999999997
228,Nothing,16044,16060,641.76,642.4,0.6399999999999864,2.0,3.2,193.0525
229,MapRead,16060,16068,642.4,642.72,0.32000000000005,0.8512000000000626,3.2,193.0
230,Nothing,16068,16095,642.72,643.8,1.0799999999999272,2.976799999999912,3.2000000000000006,193.0
231,MapRead,16095,16143,643.8,645.72,1.9200000000000728,5.6344000000001415,3.1999999999999997,193.0
232,Nothing,16143,16158,645.72,646.32,0.6000000000000227,1.5119999999999436,3.200000000000001,193.0
233,MapRead,16158,16196,646.32,647.84,1.5199999999999818,4.496799999999894,3.1980105263157896,193.221052631579
234,Nothing,16196,16411,647.84,656.44,8.600000000000023,26.460399999999936,3.1804632558139527,193.33953488372094
235,MapRead,16411,16489,656.44,659.56,3.119999999999891,10.889200000000073,3.1630000000000007,193.23846153846154
236,Nothing,16489,16558,659.56,662.32,2.7600000000001046,9.27839999999992,3.1657710144927536,193.0
237,MapRead,16558,16594,662.32,663.76,1.4399999999999409,4.955600000000231,3.18201,193.0
238,Nothing,16594,16611,663.76,664.44,0.6800000000000637,2.2192000000000007,3.19172,193.0
239,MapRead,16611,16666,664.44,666.64,2.199999999999932,6.2599999999997635,3.1993127272727255,192.06909090909093
240,Nothing,16666,17134,666.64,685.36,18.720000000000027,65.31880000000001,3.2810028205128208,190.45247863247866
241,MapRead,17134,17181,685.36,687.24,1.8799999999999955,6.898000000000138,3.5885293617021294,190.48595744680847
242,Nothing,17181,17222,687.24,688.88,1.6399999999999864,9.398400000000038,3.573054634146342,190.41073170731707
243,MapRead,17222,17229,688.88,689.16,0.2799999999999727,0.9167999999999665,3.555,191.0
244,Nothing,17229,17532,689.16,701.28,12.120000000000005,37.603599999999915,3.503611089108911,191.33478547854787
245,MapRead,17532,17568,701.28,702.72,1.4400000000000546,5.0832000000000335,3.45237,192.44999999999996
246,Nothing,17568,17713,702.72,708.52,5.7999999999999545,18.549199999999928,3.409276413793103,192.69737931034484
247,MapRead,17713,17781,708.52,711.24,2.7200000000000273,9.528000000000247,3.3846176470588225,193.0
248,Nothing,17781,17783,711.24,711.32,0.08000000000004093,0.2480000000000473,3.378,193.0
249,CheckWatch,17783,17784,711.32,711.36,0.03999999999996362,0.12399999999979627,3.378,193.0
250,Nothing,17784,17788,711.36,711.52,0.15999999999996817,0.4960000000000946,3.378,193.0
251,CheckWatch,17788,17789,711.52,711.56,0.03999999999996362,0.12399999999979627,3.378,193.0
252,Nothing,17789,18251,711.56,730.04,18.480000000000018,64.4960000000001,3.378428571428571,194.1125541125541
253,MapRead,18251,18273,730.04,730.92,0.8799999999999955,3.1239999999997963,3.4286,196.0
254,Nothing,18273,18306,730.92,732.24,1.32000000000005,4.712800000000243,3.4390363636363634,196.0
255,MapRead,18306,18348,732.24,733.92,1.67999999999995,5.980399999999918,3.452780952380952,196.0
256,Nothing,18348,18553,733.92,742.12,8.200000000000045,26.12880000000041,3.4747258536585366,195.82926829268294
257,MapRead,18553,18571,742.12,742.84,0.7200000000000273,2.2679999999995744,3.4710000000000005,197.0
258,Nothing,18571,18647,742.84,745.88,3.0399999999999636,9.90560000000005,3.458445263157895,195.89473684210526
259,MapRead,18647,18675,745.88,747.0,1.1200000000000045,3.898400000000038,3.4430771428571427,195.57142857142858
260,Nothing,18675,19000,747.0,760.0,13.0,45.659999999999854,3.428606153846154,195.72923076923078
261,MapRead,19000,19099,760.0,763.96,3.9600000000000364,11.273200000000543,3.411793939393939,196.2521212121212
262,Nothing,19099,19128,763.96,765.12,1.1599999999999682,3.759599999999864,3.391321379310345,196.0055172413793
263,MapRead,19128,19139,765.12,765.56,0.4399999999999409,1.2935999999999694,3.3841200000000002,196.32
264,CheckCD,19139,19145,765.56,765.8,0.2400000000000091,0.7055999999997766,3.3810599999999997,196.66
265,MapRead,19145,19154,765.8,766.16,0.36000000000001364,1.0168000000003303,3.3786000000000005,196.93333333333334
266,Nothing,19154,19173,766.16,766.92,0.7599999999999909,2.0367999999998574,3.378,197.0
267,MapRead,19173,19188,766.92,767.52,0.6000000000000227,1.6443999999996777,3.374048,197.0
268,Nothing,19188,19292,767.52,771.68,4.159999999999968,11.069600000000264,3.337327307692308,197.22653846153844
269,MapRead,19292,19302,771.68,772.08,0.40000000000009095,0.9719999999997526,3.272436,197.144
270,Nothing,19302,19326,772.08,773.04,0.9599999999999227,3.1264000000001033,3.24062,197.0
271,MapRead,19326,19355,773.04,774.2,1.1600000000000819,3.4459999999999127,3.1966620689655176,197.01379310344825
272,CheckCD,19355,19365,774.2,774.6,0.39999999999997726,1.2280000000000655,3.16414,197.37999999999997
273,Nothing,19365,19421,774.6,776.84,2.240000000000009,6.873199999999997,3.1174964285714286,197.37142857142857
274,MapRead,19421,19427,776.84,777.08,0.2400000000000091,0.7064000000000306,3.0891466666666667,197.00666666666666
275,Nothing,19427,19689,777.08,787.56,10.479999999999905,32.18119999999999,3.042941679389313,197.286106870229
276,MapRead,19689,19700,787.56,788.0,0.44000000000005457,1.4872000000000298,3.1069999999999998,197.0
277,Nothing,19700,19713,788.0,788.52,0.5199999999999818,1.5131999999998698,3.1024400000000005,197.0
278,MapRead,19713,19741,788.52,789.64,1.1200000000000045,3.355199999999968,3.0885742857142864,197.0
279,Nothing,19741,19814,789.64,792.56,2.919999999999959,9.561200000000099,3.072934246575343,197.04986301369863
280,MapRead,19814,19820,792.56,792.8,0.2400000000000091,0.7584000000001652,3.07,197.66
281,CheckCD,19820,19840,792.8,793.6,0.8000000000000682,2.6239999999997963,3.0836499999999996,197.97
282,Nothing,19840,19996,793.6,799.84,6.240000000000009,19.838799999999992,3.190166666666667,197.15
283,MapRead,19996,20005,799.84,800.2,0.36000000000001364,1.2232000000003609,3.236755555555556,196.91111111111113
284,Nothing,20005,20162,800.2,806.48,6.279999999999973,21.25919999999951,3.196380891719745,196.235923566879
285,CheckWatch,20162,20170,806.48,806.8,0.31999999999993634,1.1488000000003922,3.1757999999999997,195.62
286,Nothing,20170,20183,806.8,807.32,0.5200000000000955,1.892399999999725,3.172461538461538,195.95384615384617
287,MapRead,20183,20207,807.32,808.28,0.9599999999999227,3.388800000000174,3.172,196.035
288,Nothing,20207,20271,808.28,810.84,2.560000000000059,7.446799999999712,3.1783375,195.861875
289,MapRead,20271,20288,810.84,811.52,0.67999999999995,0.91800000000012,3.190788235294118,195.0
290,Nothing,20288,20419,811.52,816.76,5.240000000000009,12.542399999999816,2.4112442748091603,194.76335877862596
291,MapRead,20419,20432,816.76,817.28,0.5199999999999818,1.3920000000002801,2.883,194.06461538461534
292,Nothing,20432,20482,817.28,819.28,2.0,5.211199999999735,2.881908,195.22639999999996
293,MapRead,20482,20510,819.28,820.4,1.1200000000000045,3.9824000000003252,2.830278571428571,195.24428571428572
294,Nothing,20510,20545,820.4,821.8,1.3999999999999773,3.6660000000001673,2.76968,195.0
295,CheckWatch,20545,20564,821.8,822.56,0.7599999999999909,2.299199999999928,2.7656400000000003,195.0
296,Nothing,20564,20617,822.56,824.68,2.1200000000000045,7.274399999999787,2.8413366037735845,195.4445283018868
297,MapRead,20617,20644,824.68,825.76,1.080000000000041,3.3132000000000517,2.8952799999999996,195.3066666666667
298,Nothing,20644,21106,825.76,844.24,18.480000000000018,61.48080000000027,3.050175844155844,196.75575757575757
299,MapRead,21106,21154,844.24,846.16,1.919999999999959,5.329599999999573,3.2613316666666665,196.3283333333333
300,Nothing,21154,21291,846.16,851.64,5.480000000000018,17.171600000000126,3.1802327007299267,195.498102189781
301,MapRead,21291,21393,851.64,855.72,4.080000000000041,14.583600000000388,3.0900839215686267,195.2341176470588
302,Nothing,21393,21415,855.72,856.6,0.8799999999999955,3.6635999999998603,3.1364654545454544,195.05090909090907
303,MapRead,21415,21440,856.6,857.6,1.0,4.097999999999956,3.2339360000000004,195.0
304,Nothing,21440,21449,857.6,857.96,0.36000000000001364,1.4435999999996056,3.29944,195.0
305,MapRead,21449,21492,857.96,859.68,1.7199999999999136,7.0943999999999505,3.386786976744186,195.0
306,Nothing,21492,21508,859.68,860.32,0.6400000000001,2.457600000000184,3.4697,195.0
307,MapRead,21508,21521,860.32,860.84,0.5199999999999818,1.8876000000000204,3.5074,195.0
308,Nothing,21521,21540,860.84,861.6,0.7599999999999909,2.7588000000000648,3.540821052631579,195.0
309,MapRead,21540,21548,861.6,861.92,0.31999999999993634,1.1616000000003623,3.55672,195.0
310,CheckCD,21548,21564,861.92,862.56,0.6399999999999864,1.9311999999999898,3.5681125000000002,194.77249999999998
311,Nothing,21564,21625,862.56,865.0,2.4400000000000546,9.179199999999582,3.6083580327868856,194.23999999999992
312,CheckCD,21625,21644,865.0,865.76,0.7599999999999909,2.242000000000189,3.6389999999999993,194.64000000000001
313,MapRead,21644,21690,865.76,867.6,1.8400000000000318,5.480000000000018,3.595082608695654,193.52260869565217
314,Nothing,21690,21701,867.6,868.04,0.4399999999999409,1.675199999999677,3.4862000000000006,193.8
315,MapRead,21701,21731,868.04,869.24,1.2000000000000455,3.765600000000177,3.433240000000001,193.4
316,Nothing,21731,21732,869.24,869.28,0.03999999999996362,0.11880000000019209,3.40828,193.0
317,MapRead,21732,21741,869.28,869.64,0.36000000000001364,1.0691999999999098,3.4026799999999997,193.0
318,Nothing,21741,21781,869.64,871.24,1.6000000000000227,4.4900000000002365,3.3752400000000002,193.01500000000001
319,MapRead,21781,21816,871.24,872.64,1.3999999999999773,4.379999999999654,3.3344742857142853,193.64571428571426
320,Nothing,21816,21936,872.64,877.44,4.800000000000068,17.291600000000017,3.3010566666666668,192.99833333333336
321,MapRead,21936,21969,877.44,878.76,1.3199999999999363,4.721199999999953,3.3768945454545456,193.79272727272726
322,Nothing,21969,22023,878.76,880.92,2.159999999999968,7.036000000000058,3.4022014814814816,193.4762962962963
323,MapRead,22023,22129,880.92,885.16,4.240000000000009,13.715599999999995,3.421902641509434,194.09547169811324
324,Nothing,22129,22140,885.16,885.6,0.44000000000005457,1.5268000000000939,3.38952,194.0
325,MapRead,22140,22174,885.6,886.96,1.3600000000000136,4.335199999999986,3.3759176470588237,194.6494117647059
326,Nothing,22174,22217,886.96,888.68,1.7199999999999136,5.6228000000000975,3.368009302325581,195.19720930232558
327,CheckCD,22217,22242,888.68,889.68,1.0,3.059600000000046,3.3679999999999994,194.2752
328,Nothing,22242,22288,889.68,891.52,1.8400000000000318,5.467599999999948,3.3631086956521754,194.9008695652174
329,MapRead,22288,22307,891.52,892.28,0.7599999999999909,2.332800000000134,3.357762105263158,194.2084210526316
330,Nothing,22307,22562,892.28,902.48,10.200000000000045,26.501600000000053,3.1880765490196072,195.26729411764708
331,CheckCD,22562,22584,902.48,903.36,0.8799999999999955,2.320799999999508,2.219247272727273,195.0654545454545
332,Nothing,22584,22689,903.36,907.56,4.199999999999932,11.175600000000031,2.649121142857143,195.1897142857143
333,MapRead,22689,22728,907.56,909.12,1.5600000000000591,4.559200000000146,2.8728676923076923,193.67999999999998
334,Nothing,22728,22919,909.12,916.76,7.639999999999986,21.81320000000005,2.8867195811518327,195.8749738219895
335,MapRead,22919,22948,916.76,917.92,1.1599999999999682,3.535599999999704,2.846260689655173,197.0
336,Nothing,22948,23022,917.92,920.88,2.9600000000000364,10.32320000000027,2.8793016216216216,196.87513513513517
337,MapRead,23022,23049,920.88,921.96,1.080000000000041,3.8615999999997257,2.918608888888888,196.82666666666668
338,Nothing,23049,23238,921.96,929.52,7.559999999999945,22.26279999999997,3.0334351322751325,197.33820105820104
339,MapRead,23238,23325,929.52,933.0,3.480000000000018,11.066400000000158,3.108275862068966,197.28735632183913
340,Nothing,23325,23400,933.0,936.0,3.0,10.36999999999989,3.148813333333334,197.0
341,CheckCD,23400,23409,936.0,936.36,0.36000000000001364,1.22400000000016,3.16444,197.0
342,MapRead,23409,23438,936.36,937.52,1.1599999999999682,3.975199999999859,3.1713875862068965,197.0
343,Nothing,23438,23449,937.52,937.96,0.44000000000005457,1.5224000000002889,3.1792000000000002,197.0
344,MapRead,23449,23508,937.96,940.32,2.3600000000000136,7.170000000000073,3.1888576271186437,197.0
345,Nothing,23508,23523,940.32,940.92,0.599999999999909,1.8779999999997017,3.1910000000000007,197.0
346,MapRead,23523,23535,940.92,941.4,0.4800000000000182,1.478399999999965,3.1910000000000003,197.0
347,Nothing,23535,23547,941.4,941.88,0.4800000000000182,1.4736000000002605,3.1910000000000003,197.0
348,MapRead,23547,23561,941.88,942.44,0.5600000000000591,1.5036000000000058,3.1910000000000003,197.0
349,Nothing,23561,23627,942.44,945.08,2.6399999999999864,8.273200000000088,3.1909999999999994,197.0
350,MapRead,23627,23646,945.08,945.84,0.7599999999999909,2.264799999999923,3.1910000000000003,197.0
351,CheckCD,23646,23660,945.84,946.4,0.5599999999999454,1.7208000000000538,3.1910000000000003,197.0
352,Nothing,23660,23678,946.4,947.12,0.7200000000000273,2.169600000000173,3.19094,197.0
353,MapRead,23678,23694,947.12,947.76,0.6399999999999864,1.619199999999637,3.18722,197.0
354,Nothing,23694,23732,947.76,949.28,1.5199999999999818,5.655999999999949,3.176999999999999,197.47789473684213
355,MapRead,23732,23815,949.28,952.6,3.32000000000005,11.259199999999964,3.1637416867469885,197.05590361445783
356,Nothing,23815,24052,952.6,962.08,9.480000000000018,29.799599999999828,3.147101265822783,196.10649789029534
357,MapRead,24052,24058,962.08,962.32,0.2400000000000091,0.8328000000001339,3.126,196.17999999999998
358,Nothing,24058,24214,962.32,968.56,6.239999999999895,22.2808,3.1368558974358973,196.15307692307692
359,MapRead,24214,24247,968.56,969.88,1.32000000000005,5.038000000000011,3.17588,195.72
360,Nothing,24247,24279,969.88,971.16,1.2799999999999727,4.661600000000362,3.1955,195.5
361,CheckCD,24279,24290,971.16,971.6,0.44000000000005457,1.4872000000000298,3.2068399999999997,195.64
362,Nothing,24290,24356,971.6,974.24,2.6399999999999864,8.382399999999507,3.2270393939393944,194.76060606060608
363,MapRead,24356,24366,974.24,974.64,0.39999999999997726,1.2840000000001055,3.24178,194.0
364,Nothing,24366,24555,974.64,982.2,7.560000000000059,23.76160000000027,3.2528666666666664,194.3968253968254
365,MapRead,24555,24595,982.2,983.8,1.599999999999909,4.839999999999691,3.247,194.19
366,Nothing,24595,24709,983.8,988.36,4.560000000000059,14.845200000000204,3.2470000000000003,194.93438596491228
367,MapRead,24709,24809,988.36,992.36,4.0,13.356399999999667,3.2533899999999987,194.7644
368,Nothing,24809,24860,992.36,994.4,2.0399999999999636,4.552400000000034,3.2546941176470585,195.1419607843137
369,MapRead,24860,24885,994.4,995.4,1.0,1.9580000000000837,3.224088,195.80800000000002
370,Nothing,24885,25110,995.4,1004.4,9.0,27.076000000000477,3.070718222222222,195.65066666666667
371,MapRead,25110,25111,1004.4,1004.44,0.04000000000007731,0.12239999999974316,3.0826000000000002,195.2
372,Nothing,25111,25331,1004.44,1013.24,8.799999999999955,27.209199999999782,3.0846690909090917,195.98545454545456
373,MapRead,25331,25422,1013.24,1016.88,3.6399999999999864,10.385200000000168,3.0942637362637364,195.91032967032965
374,Nothing,25422,25541,1016.88,1021.64,4.759999999999991,13.478000000000065,3.065275630252099,195.9072268907563
375,MapRead,25541,25592,1021.64,1023.68,2.0399999999999636,7.347599999999602,3.0412509803921557,196.03529411764706
376,Nothing,25592,25684,1023.68,1027.36,3.67999999999995,12.360800000000381,3.0393517391304337,196.78739130434786
377,MapRead,25684,25696,1027.36,1027.84,0.4800000000000182,1.5695999999998094,3.05622,197.58
378,Nothing,25696,25706,1027.84,1028.24,0.40000000000009095,1.243199999999888,3.0607800000000003,197.83999999999997
379,MapRead,25706,25713,1028.24,1028.52,0.2799999999999727,0.8400000000001455,3.06684,197.28
380,Nothing,25713,25811,1028.52,1032.44,3.9200000000000728,12.442000000000007,3.106025714285715,197.02081632653062
381,MapRead,25811,25836,1032.44,1033.44,1.0,2.7640000000001237,3.1441600000000007,197.25599999999997
382,Nothing,25836,25862,1033.44,1034.48,1.0399999999999636,3.057600000000093,3.159930769230769,197.83846153846156
383,MapRead,25862,25890,1034.48,1035.6,1.1199999999998909,3.698399999999765,3.1629999999999994,198.0
384,Nothing,25890,26015,1035.6,1040.6,5.0,15.268000000000029,3.1610559999999994,198.01760000000004
385,CheckWatch,26015,26032,1040.6,1041.28,0.6800000000000637,2.367999999999938,3.154,197.82117647058823
386,Nothing,26032,26046,1041.28,1041.84,0.5599999999999454,1.7359999999998763,3.1539999999999995,197.46000000000004
387,MapRead,26046,26068,1041.84,1042.72,0.8800000000001091,2.6703999999999724,3.153999999999999,197.57454545454542
388,Nothing,26068,26070,1042.72,1042.8,0.07999999999992724,0.24160000000028958,3.154,198.48000000000002
389,CheckCD,26070,26080,1042.8,1043.2,0.40000000000009095,1.087999999999738,3.1536,198.88
390,Nothing,26080,26082,1043.2,1043.28,0.07999999999992724,0.1936000000000604,3.1518,199.0
391,MapRead,26082,26092,1043.28,1043.68,0.40000000000009095,0.9679999999998472,3.1494,199.0
392,Nothing,26092,26133,1043.68,1045.32,1.6399999999998727,5.5624000000002525,3.1441053658536586,198.5121951219512
393,MapRead,26133,26201,1045.32,1048.04,2.7200000000000273,8.204800000000432,3.1340894117647062,198.1911764705882
394,Nothing,26201,26354,1048.04,1054.16,6.120000000000118,16.11119999999937,3.1000300653594777,197.81045751633988
395,MapRead,26354,26367,1054.16,1054.68,0.5199999999999818,1.6380000000003747,3.0660000000000003,197.0
396,CheckCD,26367,26369,1054.68,1054.76,0.07999999999992724,0.2519999999999527,3.063,197.0
397,Nothing,26369,26541,1054.76,1061.64,6.880000000000109,17.931600000000344,3.019843023255814,197.39767441860465
398,MapRead,26541,26564,1061.64,1062.56,0.9199999999998454,2.549999999999727,2.9277599999999997,196.47304347826085
399,Nothing,26564,26626,1062.56,1065.04,2.480000000000018,7.299999999999727,2.9013051612903227,197.91483870967744
400,MapRead,26626,26652,1065.04,1066.08,1.0399999999999636,3.222400000000107,2.887587692307692,197.99846153846153
401,Nothing,26652,26666,1066.08,1066.64,0.5600000000001728,1.456000000000131,2.87688,197.66
402,MapRead,26666,26706,1066.64,1068.24,1.599999999999909,5.525200000000041,2.85726,197.06
403,Nothing,26706,26902,1068.24,1076.08,7.839999999999918,24.848799999999756,2.9016722448979593,197.70612244897956
404,MapRead,26902,26948,1076.08,1077.92,1.8400000000001455,5.501600000000053,3.0094400000000006,197.78000000000003
405,CheckCD,26948,26956,1077.92,1078.24,0.31999999999993634,1.023200000000088,3.014,197.09
406,Nothing,26956,26990,1078.24,1079.6,1.3599999999999,3.9392000000002554,3.0151117647058823,197.77647058823527
407,CheckCD,26990,26995,1079.6,1079.8,0.20000000000004547,0.4339999999997417,3.02012,198.0
408,MapRead,26995,27004,1079.8,1080.16,0.36000000000012733,0.9988000000003012,3.0218933333333333,197.97333333333336
409,Nothing,27004,27071,1080.16,1082.84,2.6799999999998363,8.175999999999476,3.001059104477611,197.63044776119406
410,MapRead,27071,27122,1082.84,1084.88,2.040000000000191,6.274000000000342,2.984258823529412,197.81882352941176
411,Nothing,27122,27235,1084.88,1089.4,4.519999999999982,13.673200000000179,2.9602495575221237,197.22336283185842
412,MapRead,27235,27289,1089.4,1091.56,2.1599999999998545,5.786399999999503,2.9354666666666676,197.0
413,Nothing,27289,27337,1091.56,1093.48,1.9200000000000728,5.400000000000091,2.9295050000000002,197.0
414,MapRead,27337,27395,1093.48,1095.8,2.3199999999999363,6.373599999999897,2.9160475862068966,197.0
415,Nothing,27395,27578,1095.8,1103.12,7.319999999999936,22.536000000000058,2.904859016393443,196.59016393442624
416,MapRead,27578,27658,1103.12,1106.32,3.2000000000000455,8.773599999999988,2.9197349999999997,196.67350000000002
417,Nothing,27658,27844,1106.32,1113.76,7.440000000000055,18.66879999999992,2.9092281720430107,196.167311827957
418,CheckCD,27844,27860,1113.76,1114.4,0.6400000000001,1.8816000000001623,2.87346,196.0
419,Nothing,27860,28003,1114.4,1120.12,5.7199999999998,17.14280000000008,2.8564909090909096,195.54797202797204
420,MapRead,28003,28035,1120.12,1121.4,1.2800000000002,3.367200000000139,2.84549375,196.93875
421,Nothing,28035,28043,1121.4,1121.72,0.31999999999993634,1.046400000000176,2.84114,196.92
422,MapRead,28043,28059,1121.72,1122.36,0.6399999999998727,1.9343999999996413,2.83763,196.14
423,Nothing,28059,28240,1122.36,1129.6,7.240000000000009,20.58719999999994,2.830022099447514,196.0
424,MapRead,28240,28315,1129.6,1132.6,3.0,7.1020000000003165,2.81476,196.0
425,Nothing,28315,28382,1132.6,1135.28,2.6800000000000637,5.489999999999782,2.7997677611940293,195.34328358208955
426,MapRead,28382,28403,1135.28,1136.12,0.8399999999999181,2.7995999999998276,2.7838742857142855,195.00571428571428
427,CheckCD,28403,28436,1136.12,1137.44,1.3200000000001637,4.22400000000016,2.7740666666666667,195.62666666666667
428,Nothing,28436,28617,1137.44,1144.68,7.240000000000009,22.59439999999995,2.7464439779005523,194.68685082872932
429,MapRead,28617,28623,1144.68,1144.92,0.2400000000000091,0.9480000000003201,2.7488200000000003,193.43999999999997
430,Nothing,28623,29160,1144.92,1166.4,21.480000000000018,82.50799999999981,3.260563724394786,193.68648044692736
431,MapRead,29160,29168,1166.4,1166.72,0.31999999999993634,1.0976000000000568,3.49,192.92
432,Nothing,29168,29215,1166.72,1168.6,1.8799999999998818,6.400399999999536,3.4968680851063825,192.53276595744683
433,MapRead,29215,29222,1168.6,1168.88,0.2800000000002001,0.8820000000000618,3.5126799999999996,192.28
434,Nothing,29222,29514,1168.88,1180.56,11.679999999999836,41.93520000000035,3.5847954794520547,192.9550684931507
435,CheckCD,29514,29522,1180.56,1180.88,0.3200000000001637,1.1583999999998014,3.5327,192.7
436,MapRead,29522,29565,1180.88,1182.6,1.7199999999998,6.14240000000018,3.5059106976744188,191.83627906976741
437,Nothing,29565,29749,1182.6,1189.96,7.360000000000127,27.32199999999966,3.4656095652173917,193.13478260869567
438,MapRead,29749,29782,1189.96,1191.28,1.3199999999999363,4.782800000000407,3.504413333333334,193.02545454545455
439,Nothing,29782,29895,1191.28,1195.8,4.519999999999982,17.255199999999604,3.530516814159292,194.60318584070794
440,CheckWatch,29895,29906,1195.8,1196.24,0.44000000000005457,1.47400000000016,3.5630181818181823,194.05454545454543
441,Nothing,29906,29914,1196.24,1196.56,0.31999999999993634,0.9760000000001128,3.564,194.38
442,MapRead,29914,29920,1196.56,1196.8,0.2400000000000091,0.7319999999999709,3.564,194.66
443,Nothing,29920,30052,1196.8,1202.08,5.279999999999973,18.71239999999989,3.579659090909091,194.5109090909091
444,CheckCD,30052,30126,1202.08,1205.04,2.9600000000000364,10.164400000000114,3.5857972972972973,194.67513513513518
445,Nothing,30126,30329,1205.04,1213.16,8.120000000000118,26.16240000000016,3.530298522167488,194.49261083743843
446,MapRead,30329,30361,1213.16,1214.44,1.2799999999999727,4.943599999999606,3.4822687500000002,194.06875000000002
447,Nothing,30361,30367,1214.44,1214.68,0.2400000000000091,0.8088000000002467,3.4751399999999997,194.54
448,MapRead,30367,30377,1214.68,1215.08,0.3999999999998636,1.354399999999714,3.472296,194.852
449,Nothing,30377,30417,1215.08,1216.68,1.6000000000001364,5.472400000000107,3.471,194.41199999999998
450,MapRead,30417,30463,1216.68,1218.52,1.8399999999999181,5.812000000000353,3.4703895652173915,195.0365217391304
451,Nothing,30463,30550,1218.52,1222.0,3.480000000000018,11.7195999999999,3.460943448275862,195.67678160919542
452,MapRead,30550,30622,1222.0,1224.88,2.880000000000109,8.684400000000096,3.4477500000000005,195.52777777777777
453,Nothing,30622,30659,1224.88,1226.36,1.4799999999997908,4.407599999999547,3.437891891891892,195.0
454,MapRead,30659,30740,1226.36,1229.6,3.240000000000009,11.290000000000418,3.4340000000000006,194.7185185185185
455,Nothing,30740,30818,1229.6,1232.72,3.1200000000001182,10.191199999999753,3.426948717948717,194.66564102564104
456,MapRead,30818,30908,1232.72,1236.32,3.599999999999909,11.390000000000327,3.415,195.75288888888886
457,Nothing,30908,30947,1236.32,1237.88,1.5600000000001728,5.492799999999988,3.406000000000001,195.3938461538462
458,MapRead,30947,30994,1237.88,1239.76,1.8799999999998818,6.4867999999996755,3.3967846808510638,195.62638297872348
459,Nothing,30994,31029,1239.76,1241.16,1.400000000000091,4.360800000000381,3.373668571428571,196.0445714285714
460,MapRead,31029,31055,1241.16,1242.2,1.0399999999999636,4.254399999999805,3.349812307692308,195.6446153846154
461,Nothing,31055,31077,1242.2,1243.08,0.8799999999998818,3.1615999999999076,3.3344363636363634,195.99818181818182
462,MapRead,31077,31104,1243.08,1244.16,1.0800000000001546,3.9047999999997955,3.3310800000000005,195.41777777777776
463,Nothing,31104,31348,1244.16,1253.92,9.759999999999991,33.749600000000555,3.345098852459017,195.45032786885247
464,CheckCD,31348,31394,1253.92,1255.76,1.8399999999999181,6.213999999999487,3.3649060869565215,196.1460869565217
465,Nothing,31394,31628,1255.76,1265.12,9.3599999999999,27.243200000000343,3.325861196581197,195.92700854700854
466,CheckWatch,31628,31663,1265.12,1266.52,1.400000000000091,2.067199999999957,3.185316571428572,195.5782857142857
467,Nothing,31663,31716,1266.52,1268.64,2.1200000000001182,3.6032000000000153,2.956396981132075,194.38113207547167
468,MapRead,31716,31730,1268.64,1269.2,0.5599999999999454,1.016399999999976,2.5218857142857147,193.0714285714286
469,Nothing,31730,31741,1269.2,1269.64,0.44000000000005457,0.8976000000002387,2.4630000000000005,192.20000000000002
470,MapRead,31741,31839,1269.64,1273.56,3.9199999999998454,7.529199999999946,2.400364897959183,190.50612244897962
471,Nothing,31839,31981,1273.56,1279.24,5.680000000000064,13.57799999999952,2.372198873239437,189.04929577464787
472,MapRead,31981,32082,1279.24,1283.28,4.039999999999964,9.333600000000388,2.3828376237623763,188.179801980198
473,Nothing,32082,32127,1283.28,1285.08,1.7999999999999545,4.622799999999643,2.3245288888888886,188.46311111111112
474,MapRead,32127,32177,1285.08,1287.08,2.0,5.450800000000072,2.3358472,188.72080000000003
475,Nothing,32177,32522,1287.08,1300.88,13.800000000000182,43.594800000000305,2.6070380289855075,190.08753623188406
476,MapRead,32522,32552,1300.88,1302.08,1.199999999999818,3.458799999999883,2.993498666666666,192.05999999999997
477,Nothing,32552,32656,1302.08,1306.24,4.160000000000082,13.790799999999763,3.1017746153846155,192.3073076923077
478,MapRead,32656,32670,1306.24,1306.8,0.5599999999999454,1.4335999999998421,3.1814999999999993,193.0
479,Nothing,32670,32954,1306.8,1318.16,11.360000000000127,36.19199999999955,3.1824064788732396,193.84859154929578
480,MapRead,32954,32988,1318.16,1319.52,1.3599999999999,3.9240000000008877,3.135702352941176,194.0
481,Nothing,32988,33007,1319.52,1320.28,0.7599999999999909,1.9148000000004686,3.1178821052631576,194.0
482,MapRead,33007,33051,1320.28,1322.04,1.759999999999991,5.243999999999687,3.08408,194.0
483,Nothing,33051,33201,1322.04,1328.04,6.0,18.38919999999962,3.0367933333333332,194.08666666666664
484,MapRead,33201,33235,1328.04,1329.4,1.3600000000001273,4.175999999999476,3.017176470588235,194.94705882352943
485,Nothing,33235,33470,1329.4,1338.8,9.399999999999864,28.886000000000422,3.0171634042553195,194.33702127659572
486,MapRead,33470,33501,1338.8,1340.04,1.240000000000009,3.239200000000892,3.019051612903225,194.0193548387097
487,Nothing,33501,33854,1340.04,1354.16,14.120000000000118,41.25119999999879,2.9696770538243626,193.60056657223797
488,MapRead,33854,33875,1354.16,1355.0,0.8399999999999181,2.3856000000005224,2.9579999999999997,193.0
489,Nothing,33875,33890,1355.0,1355.6,0.599999999999909,1.386000000000422,2.9579999999999993,193.28
490,MapRead,33890,33904,1355.6,1356.16,0.5600000000001728,1.4167999999999665,2.9578285714285713,193.82571428571433
491,Nothing,33904,34024,1356.16,1360.96,4.7999999999999545,12.080399999999827,2.9190636666666667,192.86866666666668
492,MapRead,34024,34036,1360.96,1361.44,0.4800000000000182,1.2739999999994325,2.872413333333333,193.18333333333337
493,Nothing,34036,34094,1361.44,1363.76,2.3199999999999363,5.542000000000371,2.853255862068966,193.39310344827584
494,MapRead,34094,34130,1363.76,1365.2,1.4400000000000546,3.7908000000006723,2.818632222222222,193.0111111111111
495,Nothing,34130,34252,1365.2,1370.08,4.879999999999882,12.296799999999166,2.7689268852459015,193.81639344262297
496,MapRead,34252,34307,1370.08,1372.28,2.2000000000000455,6.651600000000144,2.7141119999999996,193.33018181818179
497,Nothing,34307,34480,1372.28,1379.2,6.920000000000073,15.367600000000493,2.512181271676301,193.17942196531789
498,MapRead,34480,34486,1379.2,1379.44,0.2400000000000091,0.6431999999995242,2.3028000000000004,192.39999999999998
499,Nothing,34486,34534,1379.44,1381.36,1.9199999999998454,4.800000000000182,2.36244,192.01999999999998
500,MapRead,34534,34544,1381.36,1381.76,0.40000000000009095,0.9879999999993743,2.41312,192.45999999999998
501,Nothing,34544,34574,1381.76,1382.96,1.2000000000000455,3.2904000000007727,2.4252160000000003,192.028
502,MapRead,34574,34597,1382.96,1383.88,0.9200000000000728,2.242000000000189,2.4296156521739127,192.0
503,Nothing,34597,34746,1383.88,1389.84,5.959999999999809,17.176399999999376,2.4921653691275165,193.11409395973155
504,MapRead,34746,34765,1389.84,1390.6,0.7599999999999909,2.4619999999995343,2.5622,194.22105263157894
505,Nothing,34765,34800,1390.6,1392.0,1.400000000000091,4.572000000000116,2.59284,194.59428571428572
506,MapRead,34800,34817,1392.0,1392.68,0.6800000000000637,2.0399999999999636,2.62484,194.0
507,Nothing,34817,34882,1392.68,1395.28,2.599999999999909,8.239200000000892,2.665034461538462,194.0
508,MapRead,34882,34930,1395.28,1397.2,1.9200000000000728,6.640799999999217,2.7121600000000003,194.35416666666666
509,Nothing,34930,35041,1397.2,1401.64,4.440000000000055,14.519600000000537,2.8113549549549552,195.0
510,MapRead,35041,35053,1401.64,1402.12,0.4799999999997908,1.2575999999999112,2.92304,195.01
511,CheckCD,35053,35060,1402.12,1402.4,0.2800000000002001,0.9268000000001848,2.93216,195.23999999999998
512,Nothing,35060,35085,1402.4,1403.4,1.0,2.7979999999997744,2.9372720000000005,195.664
513,CheckCD,35085,35095,1403.4,1403.8,0.3999999999998636,0.8119999999998981,2.939,194.83999999999997
514,Nothing,35095,35188,1403.8,1407.52,3.7200000000000273,11.272799999999734,2.924148387096774,194.2817204301075
515,MapRead,35188,35203,1407.52,1408.12,0.599999999999909,1.5756000000001222,2.912856,194.00799999999998
516,Nothing,35203,35228,1408.12,1409.12,1.0,3.6332000000002154,2.8942911999999996,194.59519999999998
517,MapRead,35228,35303,1409.12,1412.12,3.0,8.343200000000252,2.8594666666666666,194.66506666666666
518,Nothing,35303,35407,1412.12,1416.28,4.160000000000082,11.94839999999931,2.8151407692307697,194.1053846153846
519,MapRead,35407,35433,1416.28,1417.32,1.0399999999999636,3.084000000000742,2.815632307692307,194.73692307692306
520,Nothing,35433,35454,1417.32,1418.16,0.8400000000001455,2.4668000000001484,2.8183199999999995,194.98857142857145
521,MapRead,35454,35455,1418.16,1418.2,0.03999999999996362,0.12199999999938882,2.82248,194.84
522,Nothing,35455,35692,1418.2,1427.68,9.480000000000018,25.72440000000006,2.8415350210970476,194.79071729957806
523,MapRead,35692,35745,1427.68,1429.8,2.119999999999891,6.377599999999802,2.80756603773585,195.0
524,Nothing,35745,35799,1429.8,1431.96,2.160000000000082,5.373200000000907,2.7991111111111118,195.2044444444444
525,MapRead,35799,35807,1431.96,1432.28,0.31999999999993634,0.9555999999993219,2.7980549999999997,195.89
526,Nothing,35807,35821,1432.28,1432.84,0.5599999999999454,1.7416000000002896,2.79414,195.46000000000004
527,MapRead,35821,35913,1432.84,1436.52,3.6800000000000637,9.64679999999953,2.7848086956521736,195.27608695652177
528,Nothing,35913,36062,1436.52,1442.48,5.960000000000036,14.486800000000585,2.7481865771812077,196.16107382550337
529,CheckCD,36062,36089,1442.48,1443.56,1.0799999999999272,2.8779999999997017,2.7151348148148142,196.73037037037037
530,Nothing,36089,36430,1443.56,1457.2,13.6400000000001,27.617999999999483,2.451093137829912,195.65067448680352
531,MapRead,36430,36446,1457.2,1457.84,0.6399999999998727,2.022399999999834,2.09,195.5
532,Nothing,36446,36486,1457.84,1459.44,1.6000000000001364,4.082800000000134,2.1206,195.64000000000001
533,MapRead,36486,36516,1459.44,1460.64,1.2000000000000455,2.906400000000758,2.19882,196.54
534,Nothing,36516,36525,1460.64,1461.0,0.35999999999989996,0.8063999999994849,2.2316,195.39999999999998
535,MapRead,36525,36582,1461.0,1463.28,2.2799999999999727,5.41359999999986,2.2734133333333335,195.3185964912281
536,Nothing,36582,36756,1463.28,1470.24,6.960000000000036,16.386000000000422,2.3472071264367815,195.28643678160918
537,MapRead,36756,36785,1470.24,1471.4,1.1600000000000819,2.748399999999492,2.372358620689656,195.9379310344828
538,Nothing,36785,36899,1471.4,1475.96,4.559999999999945,10.118800000001102,2.3322884210526316,195.45473684210523
539,MapRead,36899,36937,1475.96,1477.48,1.5199999999999818,3.33639999999923,2.2770294736842107,196.36736842105265
540,Nothing,36937,37078,1477.48,1483.12,5.639999999999873,13.280799999999545,2.2988439716312055,196.4601418439716
541,CheckCD,37078,37110,1483.12,1484.4,1.2800000000002,3.3320000000003347,2.31349375,196.31625000000003
542,MapRead,37110,37148,1484.4,1485.92,1.5199999999999818,4.479200000000674,2.308533684210527,196.0
543,Nothing,37148,37381,1485.92,1495.24,9.319999999999936,25.136399999999412,2.3466065236051503,196.28927038626608
544,MapRead,37381,37415,1495.24,1496.6,1.3599999999999,2.7323999999998705,2.4127529411764708,196.22352941176473
545,Nothing,37415,37422,1496.6,1496.88,0.2800000000002001,0.4452000000001135,2.4169999999999994,196.0
546,MapRead,37422,37459,1496.88,1498.36,1.4799999999997908,1.9239999999999782,2.404036756756757,196.0
547,Nothing,37459,37578,1498.36,1503.12,4.759999999999991,11.711199999999735,2.1855462184873953,195.2436974789916
548,MapRead,37578,37586,1503.12,1503.44,0.3200000000001637,0.9184000000004744,2.48978,195.0
549,Nothing,37586,37592,1503.44,1503.68,0.2400000000000091,0.688799999999901,2.51862,195.0
550,MapRead,37592,37647,1503.68,1505.88,2.2000000000000455,6.569200000000819,2.607986909090909,195.0
551,Nothing,37647,37748,1505.88,1509.92,4.039999999999964,12.62119999999959,2.683664554455446,194.65346534653466
552,MapRead,37748,37798,1509.92,1511.92,2.0,5.951199999999517,2.7947656000000007,194.0
553,Nothing,37798,37849,1511.92,1513.96,2.0399999999999636,6.847600000000966,2.8153529411764713,193.7270588235294
554,MapRead,37849,37894,1513.96,1515.76,1.7999999999999545,5.7343999999993684,2.832456888888889,195.53511111111115
555,Nothing,37894,37911,1515.76,1516.44,0.6800000000000637,2.036000000000058,2.8443905882352944,195.0494117647059
556,MapRead,37911,37925,1516.44,1517.0,0.5599999999999454,1.6687999999994645,2.8396999999999997,195.0
557,Nothing,37925,38345,1517.0,1533.8,16.799999999999955,55.253999999999905,2.9240119047619046,194.88095238095238
558,MapRead,38345,38351,1533.8,1534.04,0.2400000000000091,0.8536000000003696,3.013,195.0
559,Nothing,38351,38393,1534.04,1535.72,1.6800000000000637,6.069600000000719,3.0283142857142855,194.8542857142857
560,MapRead,38393,38417,1535.72,1536.68,0.9600000000000364,3.349199999999655,3.0456133333333333,194.5
561,Nothing,38417,38460,1536.68,1538.4,1.7200000000000273,5.557600000000093,3.065266976744186,195.89116279069768
562,MapRead,38460,38482,1538.4,1539.28,0.8799999999998818,2.679599999999482,3.084454545454545,195.21818181818182
563,Nothing,38482,38516,1539.28,1540.64,1.3600000000001273,4.962400000000343,3.098529411764706,194.85882352941175
564,MapRead,38516,38570,1540.64,1542.8,2.1599999999998545,7.233999999999469,3.122592592592593,194.17407407407404
565,Nothing,38570,38647,1542.8,1545.88,3.0800000000001546,11.105600000000777,3.1702659740259738,194.67064935064934
566,MapRead,38647,38660,1545.88,1546.4,0.5199999999999818,1.7323999999998705,3.229947692307692,194.7046153846154
567,Nothing,38660,38667,1546.4,1546.68,0.2799999999999727,0.8876000000000204,3.23788,193.96
568,MapRead,38667,38685,1546.68,1547.4,0.7200000000000273,2.426400000000285,3.24638,193.16
569,CheckWatch,38685,38731,1547.4,1549.24,1.8399999999999181,6.621599999999489,3.2627434782608695,193.01304347826093
570,Nothing,38731,38848,1549.24,1553.92,4.680000000000064,16.157199999999648,3.3261846153846153,194.0622222222222
571,MapRead,38848,38927,1553.92,1557.08,3.1599999999998545,10.795200000000477,3.320495189873419,193.0010126582278
572,Nothing,38927,38928,1557.08,1557.12,0.03999999999996362,0.10799999999926513,3.31424,192.92
573,MapRead,38928,38938,1557.12,1557.52,0.40000000000009095,1.0799999999999272,3.3203999999999994,192.7
574,Nothing,38938,38946,1557.52,1557.84,0.31999999999993634,0.8640000000004875,3.33048,192.33999999999997
575,MapRead,38946,38959,1557.84,1558.36,0.5199999999999818,1.6451999999999316,3.343347692307692,192.25230769230768
576,Nothing,38959,38985,1558.36,1559.4,1.040000000000191,3.400800000000345,3.3700492307692307,193.51230769230773
577,MapRead,38985,38986,1559.4,1559.44,0.03999999999996362,0.12439999999969586,3.378,193.6
578,Nothing,38986,39007,1559.44,1560.28,0.8399999999999181,2.730000000000473,3.378,193.23999999999995
579,MapRead,39007,39032,1560.28,1561.28,1.0,3.5075999999999112,3.378,193.72639999999998
580,Nothing,39032,39150,1561.28,1566.0,4.720000000000027,16.873999999999796,3.367805084745762,193.5847457627119
581,MapRead,39150,39178,1566.0,1567.12,1.1199999999998909,4.080799999999726,3.3692557142857145,192.53142857142856
582,CheckCD,39178,39186,1567.12,1567.44,0.3200000000001637,1.1487999999999374,3.38268,192.74
583,MapRead,39186,39239,1567.44,1569.56,2.119999999999891,7.7763999999997395,3.400097358490567,192.5011320754717
584,Nothing,39239,39253,1569.56,1570.12,0.5599999999999454,2.14640000000054,3.41338,192.1885714285714
585,MapRead,39253,39307,1570.12,1572.28,2.160000000000082,7.99160000000029,3.426111851851852,192.33629629629627
586,Nothing,39307,39354,1572.28,1574.16,1.8800000000001091,7.277599999999438,3.4528306382978715,192.48085106382976
587,MapRead,39354,39356,1574.16,1574.24,0.07999999999992724,0.280800000000454,3.46362,192.82
588,CheckWatch,39356,39412,1574.24,1576.48,2.240000000000009,7.486399999999776,3.473635714285714,192.13571428571427
589,Nothing,39412,39458,1576.48,1578.32,1.8399999999999181,5.858000000000175,3.479999999999998,192.02434782608697
590,MapRead,39458,39481,1578.32,1579.24,0.9200000000000728,3.040799999999763,3.480260869565217,192.76
591,Nothing,39481,39567,1579.24,1582.68,3.4400000000000546,11.604400000000169,3.4851748837209313,193.00976744186048
592,MapRead,39567,39592,1582.68,1583.68,1.0,3.2044000000005326,3.4715184000000003,192.7248
593,Nothing,39592,40017,1583.68,1600.68,17.0,42.44799999999941,2.85244,191.3563294117647
594,MapRead,40017,40025,1600.68,1601.0,0.31999999999993634,0.8256000000001222,2.874,192.0
595,Nothing,40025,40096,1601.0,1603.84,2.839999999999918,8.09519999999975,2.872935211267606,192.34647887323948
596,MapRead,40096,40200,1603.84,1608.0,4.160000000000082,12.504799999999705,2.8534673076923083,192.84038461538464
597,Nothing,40200,40312,1608.0,1612.48,4.480000000000018,15.150000000000546,2.8728764285714283,193.63714285714286
598,MapRead,40312,40339,1612.48,1613.56,1.0799999999999272,3.8104000000002998,2.929865185185185,193.26962962962963
599,Nothing,40339,40340,1613.56,1613.6,0.03999999999996362,0.12359999999989668,2.94008,193.56
600,MapRead,40340,40413,1613.6,1616.52,2.9200000000000728,8.805199999999786,2.9673627397260276,193.71287671232878
601,CheckWatch,40413,40444,1616.52,1617.76,1.240000000000009,3.4287999999996828,2.998286451612903,194.578064516129
602,MapRead,40444,40475,1617.76,1619.0,1.240000000000009,3.3020000000005894,3.0134851612903213,194.41419354838712
603,Nothing,40475,40535,1619.0,1621.4,2.400000000000091,6.415999999999258,3.02105,195.41666666666666
604,MapRead,40535,40547,1621.4,1621.88,0.4800000000000182,1.243199999999888,3.023,195.0
605,Nothing,40547,40572,1621.88,1622.88,1.0,2.326000000000022,3.023,195.3696
606,CheckCD,40572,40586,1622.88,1623.44,0.5599999999999454,1.8148000000001048,3.0215857142857137,195.82571428571424
607,Nothing,40586,40665,1623.44,1626.6,3.1599999999998545,9.706000000000131,3.01106075949367,195.053164556962
608,MapRead,40665,40682,1626.6,1627.28,0.6800000000000637,2.127599999999802,3.004,195.0494117647059
609,Nothing,40682,40750,1627.28,1630.0,2.7200000000000273,9.616400000000795,3.004,195.35529411764705
610,CheckWatch,40750,40761,1630.0,1630.44,0.44000000000005457,1.4080000000003565,3.0060000000000002,195.0
611,Nothing,40761,40807,1630.44,1632.28,1.8399999999999181,5.479599999999664,3.013415652173912,195.41304347826087
612,MapRead,40807,40887,1632.28,1635.48,3.2000000000000455,10.628399999999601,3.0487225,195.3875
613,Nothing,40887,41001,1635.48,1640.04,4.559999999999945,15.559599999999591,3.1246936842105266,195.1140350877193
614,MapRead,41001,41013,1640.04,1640.52,0.4800000000000182,1.627200000000812,3.17262,196.26000000000002
615,Nothing,41013,41230,1640.52,1649.2,8.680000000000064,22.3811999999989,2.8727500460829494,195.09714285714284
616,MapRead,41230,41245,1649.2,1649.8,0.599999999999909,3.1020000000007713,2.91304,194.04
617,Nothing,41245,41527,1649.8,1661.08,11.279999999999973,45.607200000000375,3.425293191489361,193.44751773049646
618,MapRead,41527,41643,1661.08,1665.72,4.6400000000001,16.91439999999966,3.738024137931035,193.57965517241377
619,Nothing,41643,41707,1665.72,1668.28,2.5599999999999454,10.852799999999661,3.80027875,194.576875
620,MapRead,41707,41748,1668.28,1669.92,1.6400000000001,6.429200000000492,3.8456868292682924,193.41365853658536
621,Nothing,41748,41761,1669.92,1670.44,0.5199999999999818,1.9619999999995343,3.86604,193.82153846153844
622,MapRead,41761,41824,1670.44,1672.96,2.519999999999982,10.072000000000116,3.8927714285714283,193.06666666666666
623,Nothing,41824,41947,1672.96,1677.88,4.920000000000073,17.88040000000001,3.9467167479674794,193.6829268292683
624,MapRead,41947,42001,1677.88,1680.04,2.1599999999998545,6.183999999999287,4.000748888888889,193.2962962962963
625,Nothing,42001,42145,1680.04,1685.8,5.759999999999991,16.694000000000415,3.8042361111111114,192.87916666666666
626,MapRead,42145,42194,1685.8,1687.76,1.9600000000000364,5.21560000000045,3.4879787755102045,192.86204081632653
627,Nothing,42194,42438,1687.76,1697.52,9.759999999999991,35.85040000000026,3.3630147540983604,193.2014754098361
628,MapRead,42438,42461,1697.52,1698.44,0.9200000000000728,3.657199999999648,3.4865669565217403,193.095652173913
629,Nothing,42461,42667,1698.44,1706.68,8.240000000000009,28.476399999999558,3.6294732038834954,194.24873786407767
630,MapRead,42667,42678,1706.68,1707.12,0.4399999999998272,1.6628000000000611,3.660149090909091,194.86909090909091
631,Nothing,42678,42767,1707.12,1710.68,3.560000000000173,12.097600000000057,3.639328089887641,194.65797752808987
632,MapRead,42767,42830,1710.68,1713.2,2.519999999999982,10.430000000000291,3.6477092063492065,195.09269841269844
633,Nothing,42830,42854,1713.2,1714.16,0.9600000000000364,3.753600000000006,3.6603499999999998,195.63
634,MapRead,42854,42930,1714.16,1717.2,3.0399999999999636,10.392399999999725,3.6649868421052645,194.57736842105265
635,Nothing,42930,43013,1717.2,1720.52,3.3199999999999363,11.777600000000348,3.658676626506025,193.99518072289158
636,MapRead,43013,43057,1720.52,1722.28,1.759999999999991,7.890400000000227,3.679213636363637,193.58727272727273
637,Nothing,43057,43192,1722.28,1727.68,5.400000000000091,21.461599999999635,3.7042548148148153,194.13451851851852
638,MapRead,43192,43199,1727.68,1727.96,0.2799999999999727,0.859599999999773,3.7302000000000004,194.0
639,Nothing,43199,43230,1727.96,1729.2,1.240000000000009,4.682800000000498,3.7377045161290323,193.4516129032258
640,CheckCD,43230,43245,1729.2,1729.8,0.599999999999909,2.1899999999996,3.7506399999999998,193.0
641,MapRead,43245,43296,1729.8,1731.84,2.0399999999999636,7.780800000000454,3.7677411764705875,193.48235294117652
642,Nothing,43296,43353,1731.84,1734.12,2.2799999999999727,8.079200000000128,3.787884210526316,193.44561403508774
643,MapRead,43353,43433,1734.12,1737.32,3.2000000000000455,9.403199999999742,3.7897329999999996,193.0
644,Nothing,43433,43446,1737.32,1737.84,0.5199999999999818,1.4351999999998952,3.7633199999999998,193.0
645,CheckCD,43446,43461,1737.84,1738.44,0.6000000000001364,1.6340000000000146,3.7504266666666672,193.0
646,Nothing,43461,43533,1738.44,1741.32,2.8799999999998818,7.9255999999995765,3.722330555555556,193.26222222222225
647,MapRead,43533,43543,1741.32,1741.72,0.40000000000009095,1.0600000000004002,3.6485,193.50000000000003
648,Nothing,43543,43801,1741.72,1752.04,10.319999999999936,26.349200000000565,3.2758720930232554,194.07410852713178
649,MapRead,43801,43807,1752.04,1752.28,0.2400000000000091,0.5832000000000335,2.96182,195.0
650,Nothing,43807,44099,1752.28,1763.96,11.680000000000064,29.314399999999296,2.82787698630137,195.46575342465752
651,MapRead,44099,44123,1763.96,1764.92,0.9600000000000364,2.3492000000005646,2.762,196.0
652,Nothing,44123,44181,1764.92,1767.24,2.3199999999999363,6.17239999999947,2.759206896551724,196.73103448275862
653,MapRead,44181,44182,1767.24,1767.28,0.03999999999996362,0.11440000000038708,2.753,196.76
654,Nothing,44182,44512,1767.28,1780.48,13.200000000000045,35.711199999999735,2.7201878787878786,196.62375757575757
655,MapRead,44512,44559,1780.48,1782.36,1.8799999999998818,4.927999999999884,2.7019787234042556,196.5531914893617
656,Nothing,44559,44603,1782.36,1784.12,1.759999999999991,4.366399999999885,2.6969727272727275,196.3409090909091
657,MapRead,44603,44618,1784.12,1784.72,0.6000000000001364,1.481999999999971,2.693,197.0
658,Nothing,44618,44704,1784.72,1788.16,3.4400000000000546,9.245600000000195,2.6811651162790704,196.70651162790696
659,CheckCD,44704,44712,1788.16,1788.48,0.31999999999993634,0.7680000000000291,2.669,196.7
660,Nothing,44712,44804,1788.48,1792.16,3.6800000000000637,10.125200000000405,2.6690000000000005,196.04217391304348
661,MapRead,44804,44829,1792.16,1793.16,1.0,2.8991999999989275,2.6690863999999994,196.6304
662,Nothing,44829,44875,1793.16,1795.0,1.8399999999999181,4.983600000000479,2.6761921739130434,197.0
663,MapRead,44875,44899,1795.0,1795.96,0.9600000000000364,2.736000000000786,2.68214,196.54
664,Nothing,44899,44948,1795.96,1797.92,1.9600000000000364,5.345599999999649,2.6890579591836734,196.71510204081633
665,MapRead,44948,44959,1797.92,1798.36,0.4399999999998272,1.1687999999994645,2.696890909090909,197.0
666,Nothing,44959,45145,1798.36,1805.8,7.440000000000055,16.097600000000057,2.675164516129032,197.0
667,MapRead,45145,45164,1805.8,1806.56,0.7599999999999909,1.265599999999722,2.620875789473684,197.0
668,Nothing,45164,45310,1806.56,1812.4,5.8400000000001455,8.358400000000984,2.3502024657534246,196.32328767123286
669,MapRead,45310,45311,1812.4,1812.44,0.03999999999996362,0.06719999999950232,1.8514,195.6
670,Nothing,45311,45322,1812.44,1812.88,0.44000000000005457,0.7391999999999825,1.8312399999999998,195.36
671,MapRead,45322,45421,1812.88,1816.84,3.959999999999809,10.490399999999681,1.8097066666666668,194.83474747474747
672,Nothing,45421,45455,1816.84,1818.2,1.3600000000001273,3.029199999999946,2.572976470588235,194.5
673,MapRead,45455,45526,1818.2,1821.04,2.839999999999918,4.324800000000323,2.4871126760563387,194.23380281690143
674,Nothing,45526,45777,1821.04,1831.08,10.039999999999964,31.16439999999966,2.583386772908367,192.94804780876493
675,MapRead,45777,45822,1831.08,1832.88,1.800000000000182,7.062800000000607,2.868373333333333,192.24533333333335
676,Nothing,45822,45846,1832.88,1833.84,0.959999999999809,3.3143999999992957,3.1087299999999995,192.0
677,MapRead,45846,45853,1833.84,1834.12,0.2799999999999727,1.1408000000001266,3.2285485714285715,192.0
678,Nothing,45853,45959,1834.12,1838.36,4.240000000000009,18.006000000000313,3.550858867924528,192.82716981132074
679,MapRead,45959,45996,1838.36,1839.84,1.4800000000000182,7.156399999999849,3.7392735135135147,191.66810810810816
680,Nothing,45996,46079,1839.84,1843.16,3.3200000000001637,14.347999999999956,3.84341156626506,191.99518072289158
681,MapRead,46079,46138,1843.16,1845.52,2.3599999999999,13.624399999999696,3.992029152542373,192.42372881355934
682,Nothing,46138,46274,1845.52,1850.96,5.440000000000055,27.451600000000326,4.455578823529413,192.63235294117646
683,MapRead,46274,46305,1850.96,1852.2,1.240000000000009,6.042400000000271,4.4593096774193555,193.5096774193549
684,Nothing,46305,46397,1852.2,1855.88,3.6800000000000637,18.695999999999913,4.539211304347827,192.11608695652174
685,MapRead,46397,46438,1855.88,1857.52,1.6399999999998727,8.168800000000374,4.688832195121951,192.6926829268293
686,Nothing,46438,46894,1857.52,1875.76,18.24000000000001,91.80559999999969,4.930798947368421,191.27912280701753
687,MapRead,46894,46914,1875.76,1876.56,0.7999999999999545,4.166400000000067,5.096622,190.85999999999999
688,Nothing,46914,46982,1876.56,1879.28,2.7200000000000273,11.62039999999979,5.024545294117647,191.33294117647057
689,MapRead,46982,47009,1879.28,1880.36,1.0799999999999272,5.497199999999793,4.977026666666666,191.9466666666667
690,Nothing,47009,47236,1880.36,1889.44,9.080000000000155,41.59720000000016,4.681490220264316,191.8874008810573
691,MapRead,47236,47337,1889.44,1893.48,4.039999999999964,18.842000000000553,4.647840792079207,192.5310891089109
692,Nothing,47337,47499,1893.48,1899.96,6.480000000000018,27.735200000000077,4.772444197530864,193.82320987654322
693,MapRead,47499,47571,1899.96,1902.84,2.8799999999998818,11.427999999999884,4.72036,193.54444444444445
694,Nothing,47571,47621,1902.84,1904.84,2.0,9.624399999999696,4.616315999999999,195.808
695,CheckWatch,47621,47640,1904.84,1905.6,0.7599999999999909,3.2948000000005777,4.530810526315789,194.8
696,Nothing,47640,47649,1905.6,1905.96,0.36000000000012733,1.5659999999998035,4.4946,194.23999999999998
697,MapRead,47649,47692,1905.96,1907.68,1.7200000000000273,6.777999999999338,4.428729302325581,194.00093023255815
698,Nothing,47692,47810,1907.68,1912.4,4.720000000000027,21.658000000000357,4.410541016949153,194.76610169491525
699,CheckWatch,47810,47842,1912.4,1913.68,1.2799999999999727,6.449999999999818,4.52948,194.47
700,CheckCD,47842,47844,1913.68,1913.76,0.07999999999992724,0.431999999999789,4.5413,194.7
701,MapRead,47844,47856,1913.76,1914.24,0.4800000000000182,2.1432000000004336,4.543369999999999,194.88000000000002
702,Nothing,47856,48099,1914.24,1923.96,9.720000000000027,42.29880000000048,4.527167242798354,194.23720164609054
703,CheckCD,48099,48112,1923.96,1924.48,0.5199999999999818,2.031199999999444,4.404027692307691,193.99692307692308
704,Nothing,48112,48188,1924.48,1927.52,3.0399999999999636,11.875599999999395,4.38364947368421,194.0
705,MapRead,48188,48231,1927.52,1929.24,1.7200000000000273,6.684400000000096,4.2846241860465115,194.39069767441862
706,Nothing,48231,48258,1929.24,1930.32,1.0799999999999272,4.047199999999975,4.226534814814815,193.60444444444443
707,MapRead,48258,48291,1930.32,1931.64,1.3200000000001637,4.6140000000004875,4.188810909090909,193.81454545454545
708,Nothing,48291,48578,1931.64,1943.12,11.47999999999979,35.04919999999947,3.865002090592335,193.73825783972126
709,CheckCD,48578,48590,1943.12,1943.6,0.4800000000000182,1.3104000000002998,3.5829999999999997,193.66
710,Nothing,48590,48679,1943.6,1947.16,3.560000000000173,9.650400000000445,3.508515056179776,193.48539325842694
711,MapRead,48679,48696,1947.16,1947.84,0.6799999999998363,1.8631999999997788,3.31868,194.0
712,Nothing,48696,48775,1947.84,1951.0,3.160000000000082,9.148400000000038,3.202362025316456,194.31645569620252
713,MapRead,48775,48829,1951.0,1953.16,2.160000000000082,6.314000000000306,3.1287059259259262,194.29629629629628
714,Nothing,48829,49241,1953.16,1969.64,16.480000000000018,49.22440000000006,3.0012531067961166,195.43203883495147
715,MapRead,49241,49292,1969.64,1971.68,2.0399999999999636,7.210799999998926,3.058868235294118,196.0
716,Nothing,49292,49347,1971.68,1973.88,2.2000000000000455,4.908000000001266,3.142078545454545,195.54981818181818
717,CheckWatch,49347,49397,1973.88,1975.88,2.0,3.4231999999992695,3.012660000000001,195.31519999999998
718,Nothing,49397,49580,1975.88,1983.2,7.319999999999936,28.511599999999817,3.246998907103825,195.00218579234976
719,MapRead,49580,49616,1983.2,1984.64,1.4400000000000546,6.123200000000907,4.145900000000001,195.5
720,Nothing,49616,49842,1984.64,1993.68,9.039999999999964,37.46399999999903,3.964994690265487,195.00513274336285
721,MapRead,49842,49843,1993.68,1993.72,0.03999999999996362,0.15760000000045693,3.984,194.32
722,Nothing,49843,49901,1993.72,1996.04,2.3199999999999363,8.846799999999348,3.990551724137931,194.45034482758626
723,MapRead,49901,49959,1996.04,1998.36,2.3199999999999363,9.73240000000078,3.9795517241379312,194.79310344827587
724,Nothing,49959,50006,1998.36,2000.24,1.8800000000001091,7.52559999999994,3.9586085106382978,195.35744680851067
725,MapRead,50006,50107,2000.24,2004.28,4.039999999999964,17.373199999999088,3.9343207920792067,194.8419801980198
726,Nothing,50107,50151,2004.28,2006.04,1.759999999999991,7.064000000000306,3.9309545454545454,195.25363636363636
727,MapRead,50151,50184,2006.04,2007.36,1.3199999999999363,4.964399999999841,3.938,194.59272727272727
728,Nothing,50184,50385,2007.36,2015.4,8.040000000000191,31.332800000000134,3.93682487562189,194.04497512437808
729,MapRead,50385,50401,2015.4,2016.04,0.6399999999998727,2.55120000000079,3.9217,195.4
730,Nothing,50401,50537,2016.04,2021.48,5.440000000000055,20.574799999999414,3.893654411764706,194.20323529411763
731,MapRead,50537,50605,2021.48,2024.2,2.7200000000000273,10.02599999999984,3.89655882352941,194.32000000000002
732,Nothing,50605,50707,2024.2,2028.28,4.079999999999927,16.080399999999827,3.8982494117647066,194.1658823529411
733,CheckCD,50707,50728,2028.28,2029.12,0.8399999999999181,2.6760000000003856,3.884874285714287,193.65714285714284
734,MapRead,50728,50755,2029.12,2030.2,1.0800000000001546,4.573600000000624,3.875748148148148,193.6103703703704
735,Nothing,50755,51054,2030.2,2042.16,11.960000000000036,52.28679999999986,3.918518528428094,192.89177257525083
736,MapRead,51054,51074,2042.16,2042.96,0.7999999999999545,3.423999999999978,4.07484,192.54000000000002
737,Nothing,51074,51205,2042.96,2048.2,5.239999999999782,21.503199999999197,4.118650076335878,192.10961832061068
738,MapRead,51205,51332,2048.2,2053.28,5.080000000000382,22.14560000000074,4.099040629921259,191.8472440944882
739,CheckWatch,51332,51339,2053.28,2053.56,0.27999999999974534,1.447599999999511,4.1726,191.0
740,MapRead,51339,51384,2053.56,2055.36,1.800000000000182,8.159999999999854,4.247658666666667,191.032
741,Nothing,51384,51473,2055.36,2058.92,3.5599999999999454,14.032400000000962,4.267056179775281,191.54426966292132
742,MapRead,51473,51486,2058.92,2059.44,0.5199999999999818,1.802799999999479,4.256523076923077,190.83999999999997
743,Nothing,51486,51560,2059.44,2062.4,2.9600000000000364,7.80159999999978,4.244000000000001,190.32972972972973
744,MapRead,51560,51632,2062.4,2065.28,2.880000000000109,3.5424000000002707,3.1530305555555556,190.4138888888889
745,Nothing,51632,51719,2065.28,2068.76,3.480000000000018,10.273199999999633,2.7512809195402292,190.0
746,CheckWatch,51719,51749,2068.76,2069.96,1.199999999999818,4.377599999999802,3.1253480000000007,190.0
747,MapRead,51749,51793,2069.96,2071.72,1.7599999999997635,5.455200000000332,3.0464300000000004,189.3181818181818
748,Nothing,51793,51883,2071.72,2075.32,3.600000000000364,7.61200000000008,2.928610222222222,189.48755555555556
749,MapRead,51883,51892,2075.32,2075.68,0.3599999999996726,0.5652000000000044,2.83688,189.52000000000004
750,Nothing,51892,52032,2075.68,2081.28,5.600000000000364,13.924399999999878,2.8125954285714285,188.65314285714288
751,MapRead,52032,52070,2081.28,2082.8,1.5199999999999818,4.3400000000001455,2.9668000000000005,188.60000000000002
752,Nothing,52070,52144,2082.8,2085.76,2.9600000000000364,4.8752000000004045,2.880035135135135,188.20324324324326
753,MapRead,52144,52152,2085.76,2086.08,0.31999999999970896,0.6711999999997715,2.8547200000000004,188.89499999999998
754,Nothing,52152,52490,2086.08,2099.6,13.519999999999982,26.265599999999722,2.587378816568047,188.02011834319526
755,MapRead,52490,52496,2099.6,2099.84,0.24000000000023647,0.5735999999997148,2.3848000000000003,187.29999999999998
756,Nothing,52496,53146,2099.84,2125.84,26.0,60.15560000000005,2.2180950769230767,185.3350769230769
757,MapRead,53146,53161,2125.84,2126.44,0.599999999999909,1.7048000000004322,2.0289333333333333,186.12000000000003
758,Nothing,53161,53231,2126.44,2129.24,2.799999999999727,9.472800000000461,2.0812057142857143,186.32571428571427
759,MapRead,53231,53249,2129.24,2129.96,0.7200000000002547,2.462399999999434,2.13424,186.0
760,Nothing,53249,53288,2129.96,2131.52,1.5599999999999454,4.733600000000479,2.16688,186.0
761,CheckWatch,53288,53311,2131.52,2132.44,0.9200000000000728,2.5907999999999447,2.2113373913043484,186.0
762,MapRead,53311,53376,2132.44,2135.04,2.599999999999909,7.546799999999166,2.326166153846154,186.0
763,Nothing,53376,53454,2135.04,2138.16,3.119999999999891,8.374400000000605,2.6609415384615382,186.6441025641026
764,MapRead,53454,53462,2138.16,2138.48,0.3200000000001637,0.857600000000275,2.7788,186.3
765,Nothing,53462,53468,2138.48,2138.72,0.23999999999978172,0.6431999999995242,2.79448,186.58
766,MapRead,53468,53480,2138.72,2139.2,0.4800000000000182,1.3563999999996668,2.812773333333334,186.93999999999997
767,Nothing,53480,53574,2139.2,2142.96,3.7600000000002183,12.0,2.773757872340425,187.7931914893617
768,MapRead,53574,53612,2142.96,2144.48,1.5199999999999818,4.523600000000442,2.673967368421054,187.00105263157894
769,Nothing,53612,53634,2144.48,2145.36,0.8800000000001091,2.545999999999367,2.6518327272727267,187.0
770,MapRead,53634,53640,2145.36,2145.6,0.23999999999978172,0.6504000000004453,2.66288,187.0
771,Nothing,53640,53846,2145.6,2153.84,8.240000000000236,16.204400000000533,2.4295019417475725,187.68834951456313
772,MapRead,53846,53886,2153.84,2155.44,1.599999999999909,2.5755999999992127,1.4923499999999998,189.035
773,Nothing,53886,53929,2155.44,2157.16,1.7199999999998,3.16399999999976,1.553860465116279,189.15255813953488
774,MapRead,53929,53961,2157.16,2158.44,1.2800000000002,3.230800000000272,1.53,187.42625
775,Nothing,53961,54293,2158.44,2171.72,13.279999999999745,34.01720000000023,1.9860900000000001,188.6166265060241
776,MapRead,54293,54310,2171.72,2172.4,0.680000000000291,2.8580000000001746,3.0127129411764706,189.8282352941176
777,Nothing,54310,54441,2172.4,2177.64,5.239999999999782,19.73279999999977,3.489864122137405,188.4412213740458
778,MapRead,54441,54517,2177.64,2180.68,3.0399999999999636,7.490400000000591,3.293642105263159,188.32894736842104
779,Nothing,54517,54646,2180.68,2185.84,5.160000000000309,18.796399999999267,3.2569255813953486,187.0294573643411
780,MapRead,54646,54656,2185.84,2186.24,0.3999999999996362,1.789600000000064,3.65356,185.12
781,Nothing,54656,54665,2186.24,2186.6,0.36000000000012733,1.7028000000000247,3.667,185.0
782,MapRead,54665,54682,2186.6,2187.28,0.680000000000291,3.2304000000003725,3.667,185.0494117647059
783,Nothing,54682,54741,2187.28,2189.64,2.3599999999996726,10.254399999999805,3.7690338983050853,185.88406779661017
784,MapRead,54741,54770,2189.64,2190.8,1.1600000000003092,5.519200000000637,3.904013793103449,185.73793103448273
785,Nothing,54770,54776,2190.8,2191.04,0.23999999999978172,1.1156000000000859,3.9576000000000007,185.1
786,CheckWatch,54776,54822,2191.04,2192.88,1.8400000000001455,8.330399999999827,3.9772486956521726,185.0
787,Nothing,54822,54829,2192.88,2193.16,0.27999999999974534,1.0979999999999563,4.020388571428572,185.0342857142857
788,CheckCD,54829,54856,2193.16,2194.24,1.0799999999999272,3.983999999999469,4.025853333333333,185.63555555555556
789,MapRead,54856,54865,2194.24,2194.6,0.36000000000012733,1.4399999999995998,3.9938000000000002,185.60000000000002
790,Nothing,54865,55121,2194.6,2204.84,10.240000000000236,43.28679999999986,3.9130281250000003,184.97734375
791,MapRead,55121,55145,2204.84,2205.8,0.9600000000000364,4.347200000000157,4.0087,184.3166666666667
792,Nothing,55145,55155,2205.8,2206.2,0.3999999999996362,1.662000000000262,4.02158,184.94
793,MapRead,55155,55170,2206.2,2206.8,0.6000000000003638,2.3280000000004293,4.03064,185.0
794,Nothing,55170,55256,2206.8,2210.24,3.4399999999996,13.998799999999392,4.078260465116279,184.7906976744186
795,MapRead,55256,55298,2210.24,2211.92,1.680000000000291,6.384399999999914,4.175473333333333,184.0
796,Nothing,55298,55308,2211.92,2212.32,0.40000000000009095,1.390400000000227,4.1878839999999995,184.112
797,CheckCD,55308,55335,2212.32,2213.4,1.0799999999999272,4.128400000000511,4.18144,184.63999999999996
798,Nothing,55335,55370,2213.4,2214.8,1.400000000000091,4.917999999999665,4.166154285714286,183.4914285714286
799,MapRead,55370,55391,2214.8,2215.64,0.8399999999996908,3.0648000000001048,4.122542857142856,183.9714285714286
800,Nothing,55391,55416,2215.64,2216.64,1.0,3.222399999999652,4.05132,184.0
801,MapRead,55416,55423,2216.64,2216.92,0.2800000000002001,0.7924000000002707,4.02872,184.0
802,Nothing,55423,55531,2216.92,2221.24,4.319999999999709,11.190400000000409,3.851525555555555,184.62962962962962
803,MapRead,55531,55559,2221.24,2222.36,1.1200000000003456,1.9323999999996886,2.820825714285714,185.0
804,Nothing,55559,56030,2222.36,2241.2,18.83999999999969,78.26760000000013,3.845183609341826,186.63057324840764
805,MapRead,56030,56047,2241.2,2241.88,0.680000000000291,3.1755999999995765,4.3062,189.0
806,Nothing,56047,56306,2241.88,2252.24,10.359999999999673,50.69080000000031,4.417104247104247,188.23011583011584
807,MapRead,56306,56410,2252.24,2256.4,4.160000000000309,20.67159999999967,4.562273076923077,190.59038461538464
808,Nothing,56410,56435,2256.4,2257.4,1.0,5.186000000000604,4.6943600000000005,191.92800000000003
809,MapRead,56435,56456,2257.4,2258.24,0.8399999999996908,4.397999999999229,4.746457142857143,191.22857142857143
810,Nothing,56456,57025,2258.24,2281.0,22.76000000000022,71.9340000000002,3.6410766256590508,192.92970123022846
811,MapRead,57025,57040,2281.0,2281.6,0.599999999999909,2.213999999999942,3.07,195.0
812,Nothing,57040,57153,2281.6,2286.12,4.519999999999982,13.88720000000012,3.07,194.64707964601772
813,CheckCD,57153,57163,2286.12,2286.52,0.40000000000009095,1.0039999999999054,3.07,194.3
814,MapRead,57163,57199,2286.52,2287.96,1.4400000000000546,3.431999999999789,3.066933333333333,194.60666666666665
815,Nothing,57199,57648,2287.96,2305.92,17.960000000000036,45.289200000000164,2.9741272160356345,195.32579064587972
816,CheckWatch,57648,57695,2305.92,2307.8,1.8800000000001091,4.263600000000224,2.817848510638298,195.31404255319148
817,Nothing,57695,58091,2307.8,2323.64,15.83999999999969,43.24719999999979,2.691839898989899,196.029797979798
818,MapRead,58091,58121,2323.64,2324.84,1.2000000000002728,3.691200000000208,2.677459999999999,196.65999999999994
819,Nothing,58121,58146,2324.84,2325.84,1.0,2.5984000000007654,2.6779999999999995,196.016
820,MapRead,58146,58242,2325.84,2329.68,3.8399999999996908,11.986799999999675,2.7297249999999997,196.07166666666663
821,CheckCD,58242,58256,2329.68,2330.24,0.5599999999999454,1.4487999999992098,2.840128571428572,196.7514285714286
822,MapRead,58256,58287,2330.24,2331.48,1.2400000000002365,3.8572000000003754,2.863492903225807,196.24516129032259
823,Nothing,58287,58289,2331.48,2331.56,0.07999999999992724,0.26159999999981665,2.8835,196.0
824,MapRead,58289,58290,2331.56,2331.6,0.03999999999996362,0.13079999999990832,2.88572,196.0
825,Nothing,58290,58294,2331.6,2331.76,0.16000000000030923,0.5232000000005428,2.8894200000000003,196.0
826,MapRead,58294,58317,2331.76,2332.68,0.919999999999618,3.164799999999559,2.9027773913043484,196.0
827,Nothing,58317,58323,2332.68,2332.92,0.24000000000023647,0.8400000000001455,2.90902,196.0
828,MapRead,58323,58362,2332.92,2334.48,1.5599999999999454,5.224799999999959,2.930707692307692,194.83692307692303
829,Nothing,58362,58479,2334.48,2339.16,4.679999999999836,12.093199999999342,2.9825117948717943,195.7405128205128
830,MapRead,58479,58558,2339.16,2342.32,3.1600000000003092,10.31880000000092,2.899841012658227,194.7291139240506
831,CheckWatch,58558,58594,2342.32,2343.76,1.4400000000000546,4.488800000000083,2.8656399999999995,195.36
832,Nothing,58594,58932,2343.76,2357.28,13.519999999999982,35.77639999999974,2.7511079289940827,194.90828402366864
833,MapRead,58932,58974,2357.28,2358.96,1.6799999999998363,4.811999999999898,2.731805714285714,195.57428571428574
834,Nothing,58974,59011,2358.96,2360.44,1.4800000000000182,4.904400000000351,2.744120000000001,195.5632432432433
835,MapRead,59011,59114,2360.44,2364.56,4.119999999999891,11.74159999999938,2.7798990291262142,195.07611650485438
836,Nothing,59114,59207,2364.56,2368.28,3.7200000000002547,7.859200000000783,2.8133019354838713,195.2206451612903
837,MapRead,59207,59281,2368.28,2371.24,2.9599999999995816,3.1167999999997846,2.38358,194.6654054054054
838,Nothing,59281,59406,2371.24,2376.24,5.0,6.42239999999947,0.9716016000000001,193.3728
839,MapRead,59406,59459,2376.24,2378.36,2.1200000000003456,5.257600000000821,1.4920528301886795,192.0
840,Nothing,59459,59524,2378.36,2380.96,2.599999999999909,5.159599999999045,2.36884,192.16984615384618
841,MapRead,59524,59560,2380.96,2382.4,1.4400000000000546,3.1264000000001033,2.345494444444444,192.94888888888892
842,Nothing,59560,59629,2382.4,2385.16,2.7599999999997635,5.412000000000262,2.2898869565217392,192.0695652173913
843,MapRead,59629,59659,2385.16,2386.36,1.2000000000002728,1.9248000000006869,2.284656,192.04799999999994
844,Nothing,59659,59707,2386.36,2388.28,1.9200000000000728,3.681999999999789,2.2566308333333334,192.50833333333333
845,MapRead,59707,59736,2388.28,2389.44,1.1599999999998545,2.653599999999642,2.203325517241379,192.76413793103447
846,Nothing,59736,59866,2389.44,2394.64,5.199999999999818,8.97400000000016,2.1074723076923076,192.80769230769232
847,MapRead,59866,59886,2394.64,2395.44,0.8000000000001819,1.9692000000004555,2.0627199999999997,193.0
848,Nothing,59886,59893,2395.44,2395.72,0.27999999999974534,0.7811999999994441,2.0569599999999997,193.0
849,MapRead,59893,59954,2395.72,2398.16,2.4400000000000546,5.399199999999837,2.053125901639344,193.672131147541
850,Nothing,59954,60028,2398.16,2401.12,2.9600000000000364,5.2503999999999,2.042424324324324,194.2027027027027
851,MapRead,60028,60034,2401.12,2401.36,0.24000000000023647,0.4368000000004031,2.0339999999999994,195.0
852,Nothing,60034,60146,2401.36,2405.84,4.480000000000018,6.644800000000032,2.0284017857142853,194.55714285714285
853,MapRead,60146,60251,2405.84,2410.04,4.199999999999818,9.092399999999543,2.0042000000000004,195.24380952380952
854,Nothing,60251,60289,2410.04,2411.56,1.5199999999999818,4.188000000000102,1.9978621052631584,196.22000000000003
855,MapRead,60289,60303,2411.56,2412.12,0.5599999999999454,1.6211999999995896,2.0043028571428567,195.1885714285714
856,Nothing,60303,60392,2412.12,2415.68,3.5599999999999454,6.352000000000771,2.0114606741573033,194.796404494382
857,CheckWatch,60392,60399,2415.68,2415.96,0.2800000000002001,0.4955999999992855,2.015,195.6
858,Nothing,60399,60492,2415.96,2419.68,3.7199999999998,7.786000000000058,2.0149999999999997,194.8808602150538
859,MapRead,60492,60570,2419.68,2422.8,3.1200000000003456,6.124800000000505,2.010430769230769,195.50769230769228
860,Nothing,60570,60578,2422.8,2423.12,0.31999999999970896,0.5388000000002648,1.9975250000000002,196.925
861,CheckCD,60578,60598,2423.12,2423.92,0.8000000000001819,1.3919999999998254,1.9919999999999998,197.0
862,Nothing,60598,60611,2423.92,2424.44,0.5199999999999818,0.8211999999994077,1.985569230769231,196.66153846153844
863,MapRead,60611,60617,2424.44,2424.68,0.23999999999978172,0.3720000000002983,1.98214,195.92
864,Nothing,60617,60665,2424.68,2426.6,1.9200000000000728,3.475999999999658,1.9723324999999996,195.4475
865,MapRead,60665,60728,2426.6,2429.12,2.519999999999982,5.366399999999885,1.9455225396825393,194.7066666666667
866,Nothing,60728,61225,2429.12,2449.0,19.88000000000011,29.363600000000588,1.748378430583501,196.68386317907445
867,MapRead,61225,61256,2449.0,2450.24,1.2399999999997817,1.0751999999993131,1.272238709677419,196.56129032258067
868,Nothing,61256,61287,2450.24,2451.48,1.2400000000002365,1.0204000000012456,1.1243445161290326,196.24516129032259
869,MapRead,61287,61299,2451.48,2451.96,0.4800000000000182,0.46559999999954016,1.0289,196.0
870,CheckCD,61299,61318,2451.96,2452.72,0.7599999999997635,1.1116000000001804,0.9982168421052634,196.0
871,Nothing,61318,61363,2452.72,2454.52,1.800000000000182,3.7187999999996464,1.0281244444444442,195.51377777777776
872,MapRead,61363,61384,2454.52,2455.36,0.8400000000001455,2.1167999999997846,1.2241028571428572,195.85142857142858
873,Nothing,61384,61390,2455.36,2455.6,0.23999999999978172,0.5856000000003405,1.68534,196.0
874,MapRead,61390,61432,2455.6,2457.28,1.680000000000291,3.938799999999901,2.265719047619048,195.98
875,Nothing,61432,61547,2457.28,2461.88,4.599999999999909,12.11239999999998,2.393441391304348,195.6313043478261
876,MapRead,61547,61569,2461.88,2462.76,0.8800000000001091,2.820400000000518,2.581785454545454,194.32181818181817
877,Nothing,61569,61747,2462.76,2469.88,7.119999999999891,27.875199999999495,2.905017528089888,194.85617977528088
878,MapRead,61747,61784,2469.88,2471.36,1.4800000000000182,5.751599999999598,3.4110291891891893,193.89729729729726
879,Nothing,61784,61826,2471.36,2473.04,1.6799999999998363,6.119600000000901,3.4858038095238095,194.17999999999998
880,MapRead,61826,61890,2473.04,2475.6,2.5599999999999454,11.643999999999323,3.5291093750000004,194.50937499999998
881,Nothing,61890,61897,2475.6,2475.88,0.2800000000002001,1.1648000000004686,3.5360000000000005,194.56
882,MapRead,61897,61951,2475.88,2478.04,2.1599999999998545,8.80239999999958,3.5384074074074077,193.5274074074074
883,Nothing,61951,62269,2478.04,2490.76,12.720000000000255,48.09240000000045,3.5641729559748434,193.96490566037738
884,MapRead,62269,62328,2490.76,2493.12,2.3599999999996726,8.359199999999873,3.559830508474577,195.1342372881356
885,Nothing,62328,62413,2493.12,2496.52,3.400000000000091,13.476399999999558,3.558557176470589,194.82635294117648
886,CheckCD,62413,62437,2496.52,2497.48,0.9600000000000364,3.6192000000000917,3.5734399999999997,194.10999999999999
887,MapRead,62437,62463,2497.48,2498.52,1.0399999999999636,5.329999999999927,3.6014400000000006,194.5
888,Nothing,62463,62484,2498.52,2499.36,0.8400000000001455,3.2496000000001004,3.6258399999999993,192.51428571428573
889,MapRead,62484,62492,2499.36,2499.68,0.31999999999970896,0.0,3.63,192.5
890,Nothing,62492,62613,2499.68,2504.52,4.8400000000001455,19.458400000000438,3.6265897520661152,194.3312396694215
891,MapRead,62613,62633,2504.52,2505.32,0.8000000000001819,3.230399999999463,3.663136,191.73600000000002
892,Nothing,62633,62834,2505.32,2513.36,8.039999999999964,33.92160000000058,3.773286567164179,193.76278606965178
893,MapRead,62834,62883,2513.36,2515.32,1.9600000000000364,8.144399999999223,3.973684081632653,194.49632653061224
894,CheckWatch,62883,62889,2515.32,2515.56,0.23999999999978172,0.6936000000005151,3.9882000000000004,194.58
895,Nothing,62889,62994,2515.56,2519.76,4.200000000000273,16.688000000000102,4.020843428571429,193.79504761904764
896,MapRead,62994,63128,2519.76,2525.12,5.359999999999673,23.1283999999996,4.074149552238804,192.94985074626865
897,Nothing,63128,63230,2525.12,2529.2,4.079999999999927,16.47519999999986,4.08857843137255,192.83607843137258
898,CheckWatch,63230,63231,2529.2,2529.24,0.03999999999996362,0.21600000000034925,4.115,192.2
899,Nothing,63231,63237,2529.24,2529.48,0.24000000000023647,1.2960000000002765,4.115000000000001,192.34
900,CheckWatch,63237,63260,2529.48,2530.4,0.9200000000000728,4.33600000000024,4.115704347826087,192.84173913043477
901,MapRead,63260,63309,2530.4,2532.36,1.9600000000000364,8.77639999999974,4.1269755102040815,192.60081632653058
902,Nothing,63309,63583,2532.36,2543.32,10.960000000000036,37.03679999999986,3.9305367883211684,191.91766423357666
903,MapRead,63583,63601,2543.32,2544.04,0.7199999999997999,2.2712000000001353,3.7009400000000006,190.34
904,Nothing,63601,63798,2544.04,2551.92,7.880000000000109,30.59320000000025,3.593047918781726,191.32040609137056
905,MapRead,63798,63823,2551.92,2552.92,1.0,4.6340000000000146,4.4664208,190.9952
906,Nothing,63823,64027,2552.92,2561.08,8.159999999999854,38.651599999999235,4.628916862745098,192.41666666666666
907,MapRead,64027,64092,2561.08,2563.68,2.599999999999909,12.397600000000239,4.629590153846153,192.2510769230769
908,Nothing,64092,64119,2563.68,2564.76,1.080000000000382,5.280000000000655,4.655360000000001,194.33333333333337
909,MapRead,64119,64120,2564.76,2564.8,0.03999999999996362,0.1952000000001135,4.675120000000001,193.48
910,Nothing,64120,64215,2564.8,2568.6,3.799999999999727,18.20799999999963,4.729953684210528,193.03368421052633
911,MapRead,64215,64229,2568.6,2569.16,0.5599999999999454,2.3823999999995067,4.766585714285715,193.98285714285717
912,Nothing,64229,64311,2569.16,2572.44,3.2800000000002,8.602399999999761,4.568670731707317,193.16390243902438
913,MapRead,64311,64329,2572.44,2573.16,0.7199999999997999,2.9296000000003914,4.08036,192.80666666666667
914,Nothing,64329,64335,2573.16,2573.4,0.24000000000023647,1.2695999999996275,4.124020000000001,193.78
915,MapRead,64335,64368,2573.4,2574.72,1.319999999999709,6.601200000000063,4.339970909090909,195.37818181818182
916,Nothing,64368,64543,2574.72,2581.72,7.0,44.22479999999996,5.239309028571428,193.89851428571427
917,MapRead,64543,64573,2581.72,2582.92,1.2000000000002728,7.528000000000247,5.574990666666667,194.95066666666668
918,Nothing,64573,64742,2582.92,2589.68,6.7599999999997635,40.5663999999997,5.818290887573964,192.62934911242604
919,MapRead,64742,64750,2589.68,2590.0,0.3200000000001637,1.513600000000224,5.823799999999999,196.0
920,Nothing,64750,64885,2590.0,2595.4,5.400000000000091,30.84599999999955,5.870703703703702,195.59407407407406
921,MapRead,64885,64936,2595.4,2597.44,2.0399999999999636,12.293999999999869,5.901058823529412,196.05098039215687
922,Nothing,64936,64982,2597.44,2599.28,1.8400000000001455,10.71600000000035,5.906,195.07304347826084
923,MapRead,64982,65093,2599.28,2603.72,4.4399999999996,25.52679999999964,5.910954954954957,194.1967567567567
924,Nothing,65093,65149,2603.72,2605.96,2.2400000000002365,13.445200000001932,5.908508571428571,197.0
